sample	unit	library	flowcell	platform	lane	sample_id	barcode	fq1	fq2	kb1	kb2
23N16233	1	Plate1	225C2WLT4	ILLUMINA	3	23N16233	23N16233-Plate1	raw_data/BANS_Plate1_Novoseq/01.RawData/B_23N16233/B_23N16233_CKDL240009632-1A_225C2WLT4_L3_1.fq.gz	raw_data/BANS_Plate1_Novoseq/01.RawData/B_23N16233/B_23N16233_CKDL240009632-1A_225C2WLT4_L3_2.fq.gz	4349385.336	4361962.808
23N16235	1	Plate1	225C2WLT4	ILLUMINA	3	23N16235	23N16235-Plate1	raw_data/BANS_Plate1_Novoseq/01.RawData/B_23N16235/B_23N16235_CKDL240009632-1A_225C2WLT4_L3_1.fq.gz	raw_data/BANS_Plate1_Novoseq/01.RawData/B_23N16235/B_23N16235_CKDL240009632-1A_225C2WLT4_L3_2.fq.gz	12628858.714	12759096.674
23N16237	1	Plate2	225CWMLT4	ILLUMINA	1	23N16237	23N16237-Plate2	raw_data/BANS_Plate2_Novoseq/01.RawData/B_23N16237/B_23N16237_CKDL240009631-1A_225CWMLT4_L1_1.fq.gz	raw_data/BANS_Plate2_Novoseq/01.RawData/B_23N16237/B_23N16237_CKDL240009631-1A_225CWMLT4_L1_2.fq.gz	5894549.772	5924789.743
23N16238	1	Plate1	225C2WLT4	ILLUMINA	3	23N16238	23N16238-Plate1	raw_data/BANS_Plate1_Novoseq/01.RawData/B_23N16238/B_23N16238_CKDL240009632-1A_225C2WLT4_L3_1.fq.gz	raw_data/BANS_Plate1_Novoseq/01.RawData/B_23N16238/B_23N16238_CKDL240009632-1A_225C2WLT4_L3_2.fq.gz	4141872.375	4184291.923
23N16239	1	Plate1	225C2WLT4	ILLUMINA	3	23N16239	23N16239-Plate1	raw_data/BANS_Plate1_Novoseq/01.RawData/B_23N16239/B_23N16239_CKDL240009632-1A_225C2WLT4_L3_1.fq.gz	raw_data/BANS_Plate1_Novoseq/01.RawData/B_23N16239/B_23N16239_CKDL240009632-1A_225C2WLT4_L3_2.fq.gz	3364314.917	3400002.754
23N16240	1	Plate2	225CWMLT4	ILLUMINA	1	23N16240	23N16240-Plate2	raw_data/BANS_Plate2_Novoseq/01.RawData/B_23N16240/B_23N16240_CKDL240009631-1A_225CWMLT4_L1_1.fq.gz	raw_data/BANS_Plate2_Novoseq/01.RawData/B_23N16240/B_23N16240_CKDL240009631-1A_225CWMLT4_L1_2.fq.gz	2404208.735	2326573.505
23N16241	1	Plate2	225CWMLT4	ILLUMINA	1	23N16241	23N16241-Plate2	raw_data/BANS_Plate2_Novoseq/01.RawData/B_23N16241/B_23N16241_CKDL240009631-1A_225CWMLT4_L1_1.fq.gz	raw_data/BANS_Plate2_Novoseq/01.RawData/B_23N16241/B_23N16241_CKDL240009631-1A_225CWMLT4_L1_2.fq.gz	3465393.47	3408121.821
23N16242	1	Plate1	225C2WLT4	ILLUMINA	3	23N16242	23N16242-Plate1	raw_data/BANS_Plate1_Novoseq/01.RawData/B_23N16242/B_23N16242_CKDL240009632-1A_225C2WLT4_L3_1.fq.gz	raw_data/BANS_Plate1_Novoseq/01.RawData/B_23N16242/B_23N16242_CKDL240009632-1A_225C2WLT4_L3_2.fq.gz	4035307.353	4005305.046
23N16243	1	Plate2	225CWMLT4	ILLUMINA	1	23N16243	23N16243-Plate2	raw_data/BANS_Plate2_Novoseq/01.RawData/B_23N16243/B_23N16243_CKDL240009631-1A_225CWMLT4_L1_1.fq.gz	raw_data/BANS_Plate2_Novoseq/01.RawData/B_23N16243/B_23N16243_CKDL240009631-1A_225CWMLT4_L1_2.fq.gz	1390533.702	1386109.302
23N16244	1	Plate2	225CWMLT4	ILLUMINA	1	23N16244	23N16244-Plate2	raw_data/BANS_Plate2_Novoseq/01.RawData/B_23N16244/B_23N16244_CKDL240009631-1A_225CWMLT4_L1_1.fq.gz	raw_data/BANS_Plate2_Novoseq/01.RawData/B_23N16244/B_23N16244_CKDL240009631-1A_225CWMLT4_L1_2.fq.gz	3873767.761	3878341.306
24N02336	1	Plate2	225CWMLT4	ILLUMINA	1	24N02336	24N02336-Plate2	raw_data/BANS_Plate2_Novoseq/01.RawData/B_24N02336/B_24N02336_CKDL240009631-1A_225CWMLT4_L1_1.fq.gz	raw_data/BANS_Plate2_Novoseq/01.RawData/B_24N02336/B_24N02336_CKDL240009631-1A_225CWMLT4_L1_2.fq.gz	2762086.043	2763022.983
24N02337	1	Plate2	225CWMLT4	ILLUMINA	1	24N02337	24N02337-Plate2	raw_data/BANS_Plate2_Novoseq/01.RawData/B_24N02337/B_24N02337_CKDL240009631-1A_225CWMLT4_L1_1.fq.gz	raw_data/BANS_Plate2_Novoseq/01.RawData/B_24N02337/B_24N02337_CKDL240009631-1A_225CWMLT4_L1_2.fq.gz	3380776.727	3335281.076
24N02338	1	Plate2	225CWMLT4	ILLUMINA	1	24N02338	24N02338-Plate2	raw_data/BANS_Plate2_Novoseq/01.RawData/B_24N02338/B_24N02338_CKDL240009631-1A_225CWMLT4_L1_1.fq.gz	raw_data/BANS_Plate2_Novoseq/01.RawData/B_24N02338/B_24N02338_CKDL240009631-1A_225CWMLT4_L1_2.fq.gz	3507339.655	3536978.809
24N02339	1	Plate2	225CWMLT4	ILLUMINA	1	24N02339	24N02339-Plate2	raw_data/BANS_Plate2_Novoseq/01.RawData/B_24N02339/B_24N02339_CKDL240009631-1A_225CWMLT4_L1_1.fq.gz	raw_data/BANS_Plate2_Novoseq/01.RawData/B_24N02339/B_24N02339_CKDL240009631-1A_225CWMLT4_L1_2.fq.gz	3594144.703	3591497.552
24N02340	1	Plate2	225CWMLT4	ILLUMINA	1	24N02340	24N02340-Plate2	raw_data/BANS_Plate2_Novoseq/01.RawData/B_24N02340/B_24N02340_CKDL240009631-1A_225CWMLT4_L1_1.fq.gz	raw_data/BANS_Plate2_Novoseq/01.RawData/B_24N02340/B_24N02340_CKDL240009631-1A_225CWMLT4_L1_2.fq.gz	4230260.466	4238312.797
24N02341	1	Plate2	225CWMLT4	ILLUMINA	1	24N02341	24N02341-Plate2	raw_data/BANS_Plate2_Novoseq/01.RawData/B_24N02341/B_24N02341_CKDL240009631-1A_225CWMLT4_L1_1.fq.gz	raw_data/BANS_Plate2_Novoseq/01.RawData/B_24N02341/B_24N02341_CKDL240009631-1A_225CWMLT4_L1_2.fq.gz	3868599.862	3871830.6
24N02342	1	Plate2	225CWMLT4	ILLUMINA	1	24N02342	24N02342-Plate2	raw_data/BANS_Plate2_Novoseq/01.RawData/B_24N02342/B_24N02342_CKDL240009631-1A_225CWMLT4_L1_1.fq.gz	raw_data/BANS_Plate2_Novoseq/01.RawData/B_24N02342/B_24N02342_CKDL240009631-1A_225CWMLT4_L1_2.fq.gz	3904478.492	3950689.165
24N02343	1	Plate2	225CWMLT4	ILLUMINA	1	24N02343	24N02343-Plate2	raw_data/BANS_Plate2_Novoseq/01.RawData/B_24N02343/B_24N02343_CKDL240009631-1A_225CWMLT4_L1_1.fq.gz	raw_data/BANS_Plate2_Novoseq/01.RawData/B_24N02343/B_24N02343_CKDL240009631-1A_225CWMLT4_L1_2.fq.gz	3398426.705	3336411.657
24N02344	1	Plate2	225CWMLT4	ILLUMINA	1	24N02344	24N02344-Plate2	raw_data/BANS_Plate2_Novoseq/01.RawData/B_24N02344/B_24N02344_CKDL240009631-1A_225CWMLT4_L1_1.fq.gz	raw_data/BANS_Plate2_Novoseq/01.RawData/B_24N02344/B_24N02344_CKDL240009631-1A_225CWMLT4_L1_2.fq.gz	4004574.018	4027981.897
24N02345	1	Plate2	225CWMLT4	ILLUMINA	1	24N02345	24N02345-Plate2	raw_data/BANS_Plate2_Novoseq/01.RawData/B_24N02345/B_24N02345_CKDL240009631-1A_225CWMLT4_L1_1.fq.gz	raw_data/BANS_Plate2_Novoseq/01.RawData/B_24N02345/B_24N02345_CKDL240009631-1A_225CWMLT4_L1_2.fq.gz	4927358.787	4886890.508
24N02346	1	Plate2	225CWMLT4	ILLUMINA	1	24N02346	24N02346-Plate2	raw_data/BANS_Plate2_Novoseq/01.RawData/B_24N02346/B_24N02346_CKDL240009631-1A_225CWMLT4_L1_1.fq.gz	raw_data/BANS_Plate2_Novoseq/01.RawData/B_24N02346/B_24N02346_CKDL240009631-1A_225CWMLT4_L1_2.fq.gz	4068367.943	4081243.345
24N02347	1	Plate2	225CWMLT4	ILLUMINA	1	24N02347	24N02347-Plate2	raw_data/BANS_Plate2_Novoseq/01.RawData/B_24N02347/B_24N02347_CKDL240009631-1A_225CWMLT4_L1_1.fq.gz	raw_data/BANS_Plate2_Novoseq/01.RawData/B_24N02347/B_24N02347_CKDL240009631-1A_225CWMLT4_L1_2.fq.gz	4578883.913	4596677.266
24N02348	1	Plate1	225C2WLT4	ILLUMINA	3	24N02348	24N02348-Plate1	raw_data/BANS_Plate1_Novoseq/01.RawData/B_24N02348/B_24N02348_CKDL240009632-1A_225C2WLT4_L3_1.fq.gz	raw_data/BANS_Plate1_Novoseq/01.RawData/B_24N02348/B_24N02348_CKDL240009632-1A_225C2WLT4_L3_2.fq.gz	7438905.505	7466878.775
24N02349	1	Plate1	225C2WLT4	ILLUMINA	3	24N02349	24N02349-Plate1	raw_data/BANS_Plate1_Novoseq/01.RawData/B_24N02349/B_24N02349_CKDL240009632-1A_225C2WLT4_L3_1.fq.gz	raw_data/BANS_Plate1_Novoseq/01.RawData/B_24N02349/B_24N02349_CKDL240009632-1A_225C2WLT4_L3_2.fq.gz	3316006.644	3314869.673
24N02350	1	Plate1	225C2WLT4	ILLUMINA	3	24N02350	24N02350-Plate1	raw_data/BANS_Plate1_Novoseq/01.RawData/B_24N02350/B_24N02350_CKDL240009632-1A_225C2WLT4_L3_1.fq.gz	raw_data/BANS_Plate1_Novoseq/01.RawData/B_24N02350/B_24N02350_CKDL240009632-1A_225C2WLT4_L3_2.fq.gz	1651201.092	1670592.121
24N02351	1	Plate2	225CWMLT4	ILLUMINA	1	24N02351	24N02351-Plate2	raw_data/BANS_Plate2_Novoseq/01.RawData/B_24N02351/B_24N02351_CKDL240009631-1A_225CWMLT4_L1_1.fq.gz	raw_data/BANS_Plate2_Novoseq/01.RawData/B_24N02351/B_24N02351_CKDL240009631-1A_225CWMLT4_L1_2.fq.gz	997816.384	974743.618
24N02352	1	Plate1	225C2WLT4	ILLUMINA	3	24N02352	24N02352-Plate1	raw_data/BANS_Plate1_Novoseq/01.RawData/B_24N02352/B_24N02352_CKDL240009632-1A_225C2WLT4_L3_1.fq.gz	raw_data/BANS_Plate1_Novoseq/01.RawData/B_24N02352/B_24N02352_CKDL240009632-1A_225C2WLT4_L3_2.fq.gz	1753414.789	1747733.483
24N02353	1	Plate1	225C2WLT4	ILLUMINA	3	24N02353	24N02353-Plate1	raw_data/BANS_Plate1_Novoseq/01.RawData/B_24N02353/B_24N02353_CKDL240009632-1A_225C2WLT4_L3_1.fq.gz	raw_data/BANS_Plate1_Novoseq/01.RawData/B_24N02353/B_24N02353_CKDL240009632-1A_225C2WLT4_L3_2.fq.gz	7916295.631	8002713.398
24N02354	1	Plate1	225C2WLT4	ILLUMINA	3	24N02354	24N02354-Plate1	raw_data/BANS_Plate1_Novoseq/01.RawData/B_24N02354/B_24N02354_CKDL240009632-1A_225C2WLT4_L3_1.fq.gz	raw_data/BANS_Plate1_Novoseq/01.RawData/B_24N02354/B_24N02354_CKDL240009632-1A_225C2WLT4_L3_2.fq.gz	3818810.953	3802054.02
24N02355	1	Plate2	225CWMLT4	ILLUMINA	1	24N02355	24N02355-Plate2	raw_data/BANS_Plate2_Novoseq/01.RawData/B_24N02355/B_24N02355_CKDL240009631-1A_225CWMLT4_L1_1.fq.gz	raw_data/BANS_Plate2_Novoseq/01.RawData/B_24N02355/B_24N02355_CKDL240009631-1A_225CWMLT4_L1_2.fq.gz	2084441.511	2065835.27
24N02356	1	Plate2	225CWMLT4	ILLUMINA	1	24N02356	24N02356-Plate2	raw_data/BANS_Plate2_Novoseq/01.RawData/B_24N02356/B_24N02356_CKDL240009631-1A_225CWMLT4_L1_1.fq.gz	raw_data/BANS_Plate2_Novoseq/01.RawData/B_24N02356/B_24N02356_CKDL240009631-1A_225CWMLT4_L1_2.fq.gz	943259.683	940732.448
24N02357	1	Plate2	225CWMLT4	ILLUMINA	1	24N02357	24N02357-Plate2	raw_data/BANS_Plate2_Novoseq/01.RawData/B_24N02357/B_24N02357_CKDL240009631-1A_225CWMLT4_L1_1.fq.gz	raw_data/BANS_Plate2_Novoseq/01.RawData/B_24N02357/B_24N02357_CKDL240009631-1A_225CWMLT4_L1_2.fq.gz	4724014.273	4674164.674
24N02358	1	Plate2	225CWMLT4	ILLUMINA	1	24N02358	24N02358-Plate2	raw_data/BANS_Plate2_Novoseq/01.RawData/B_24N02358/B_24N02358_CKDL240009631-1A_225CWMLT4_L1_1.fq.gz	raw_data/BANS_Plate2_Novoseq/01.RawData/B_24N02358/B_24N02358_CKDL240009631-1A_225CWMLT4_L1_2.fq.gz	2271104.792	2260566.45
24N02359	1	Plate2	225CWMLT4	ILLUMINA	1	24N02359	24N02359-Plate2	raw_data/BANS_Plate2_Novoseq/01.RawData/B_24N02359/B_24N02359_CKDL240009631-1A_225CWMLT4_L1_1.fq.gz	raw_data/BANS_Plate2_Novoseq/01.RawData/B_24N02359/B_24N02359_CKDL240009631-1A_225CWMLT4_L1_2.fq.gz	4027257.337	4015319.161
24N02360	1	Plate1	225C2WLT4	ILLUMINA	3	24N02360	24N02360-Plate1	raw_data/BANS_Plate1_Novoseq/01.RawData/B_24N02360/B_24N02360_CKDL240009632-1A_225C2WLT4_L3_1.fq.gz	raw_data/BANS_Plate1_Novoseq/01.RawData/B_24N02360/B_24N02360_CKDL240009632-1A_225C2WLT4_L3_2.fq.gz	3025013.973	3022945.262
24N02362	1	Plate1	225C2WLT4	ILLUMINA	3	24N02362	24N02362-Plate1	raw_data/BANS_Plate1_Novoseq/01.RawData/B_24N02362/B_24N02362_CKDL240009632-1A_225C2WLT4_L3_1.fq.gz	raw_data/BANS_Plate1_Novoseq/01.RawData/B_24N02362/B_24N02362_CKDL240009632-1A_225C2WLT4_L3_2.fq.gz	16090557.824	16134866.104
24N02363	1	Plate1	225C2WLT4	ILLUMINA	3	24N02363	24N02363-Plate1	raw_data/BANS_Plate1_Novoseq/01.RawData/B_24N02363/B_24N02363_CKDL240009632-1A_225C2WLT4_L3_1.fq.gz	raw_data/BANS_Plate1_Novoseq/01.RawData/B_24N02363/B_24N02363_CKDL240009632-1A_225C2WLT4_L3_2.fq.gz	1541689.61	1547256.353
24N02364	1	Plate1	225C2WLT4	ILLUMINA	3	24N02364	24N02364-Plate1	raw_data/BANS_Plate1_Novoseq/01.RawData/B_24N02364/B_24N02364_CKDL240009632-1A_225C2WLT4_L3_1.fq.gz	raw_data/BANS_Plate1_Novoseq/01.RawData/B_24N02364/B_24N02364_CKDL240009632-1A_225C2WLT4_L3_2.fq.gz	1170981.679	1166960.29
24N02365	1	Plate1	225C2WLT4	ILLUMINA	3	24N02365	24N02365-Plate1	raw_data/BANS_Plate1_Novoseq/01.RawData/B_24N02365/B_24N02365_CKDL240009632-1A_225C2WLT4_L3_1.fq.gz	raw_data/BANS_Plate1_Novoseq/01.RawData/B_24N02365/B_24N02365_CKDL240009632-1A_225C2WLT4_L3_2.fq.gz	7445210.512	7393008.634
24N02366	1	Plate1	225C2WLT4	ILLUMINA	3	24N02366	24N02366-Plate1	raw_data/BANS_Plate1_Novoseq/01.RawData/B_24N02366/B_24N02366_CKDL240009632-1A_225C2WLT4_L3_1.fq.gz	raw_data/BANS_Plate1_Novoseq/01.RawData/B_24N02366/B_24N02366_CKDL240009632-1A_225C2WLT4_L3_2.fq.gz	2576222.124	2578272.96
24N02367	1	Plate1	225C2WLT4	ILLUMINA	3	24N02367	24N02367-Plate1	raw_data/BANS_Plate1_Novoseq/01.RawData/B_24N02367/B_24N02367_CKDL240009632-1A_225C2WLT4_L3_1.fq.gz	raw_data/BANS_Plate1_Novoseq/01.RawData/B_24N02367/B_24N02367_CKDL240009632-1A_225C2WLT4_L3_2.fq.gz	4107207.543	4059740.037
24N02368	1	Plate2	225CWMLT4	ILLUMINA	1	24N02368	24N02368-Plate2	raw_data/BANS_Plate2_Novoseq/01.RawData/B_24N02368/B_24N02368_CKDL240009631-1A_225CWMLT4_L1_1.fq.gz	raw_data/BANS_Plate2_Novoseq/01.RawData/B_24N02368/B_24N02368_CKDL240009631-1A_225CWMLT4_L1_2.fq.gz	2041886.12	2040511.243
24N02369	1	Plate2	225CWMLT4	ILLUMINA	1	24N02369	24N02369-Plate2	raw_data/BANS_Plate2_Novoseq/01.RawData/B_24N02369/B_24N02369_CKDL240009631-1A_225CWMLT4_L1_1.fq.gz	raw_data/BANS_Plate2_Novoseq/01.RawData/B_24N02369/B_24N02369_CKDL240009631-1A_225CWMLT4_L1_2.fq.gz	3515881.902	3494012.518
24N02370	1	Plate2	225CWMLT4	ILLUMINA	1	24N02370	24N02370-Plate2	raw_data/BANS_Plate2_Novoseq/01.RawData/B_24N02370/B_24N02370_CKDL240009631-1A_225CWMLT4_L1_1.fq.gz	raw_data/BANS_Plate2_Novoseq/01.RawData/B_24N02370/B_24N02370_CKDL240009631-1A_225CWMLT4_L1_2.fq.gz	3842424.569	3785616.092
24N02371	1	Plate1	225C2WLT4	ILLUMINA	3	24N02371	24N02371-Plate1	raw_data/BANS_Plate1_Novoseq/01.RawData/B_24N02371/B_24N02371_CKDL240009632-1A_225C2WLT4_L3_1.fq.gz	raw_data/BANS_Plate1_Novoseq/01.RawData/B_24N02371/B_24N02371_CKDL240009632-1A_225C2WLT4_L3_2.fq.gz	2946465.69	2954224.754
24N02397	1	Plate2	225CWMLT4	ILLUMINA	1	24N02397	24N02397-Plate2	raw_data/BANS_Plate2_Novoseq/01.RawData/B_24N02397/B_24N02397_CKDL240009631-1A_225CWMLT4_L1_1.fq.gz	raw_data/BANS_Plate2_Novoseq/01.RawData/B_24N02397/B_24N02397_CKDL240009631-1A_225CWMLT4_L1_2.fq.gz	1938435.784	1926410.673
24N02398	1	Plate1	225C2WLT4	ILLUMINA	3	24N02398	24N02398-Plate1	raw_data/BANS_Plate1_Novoseq/01.RawData/B_24N02398/B_24N02398_CKDL240009632-1A_225C2WLT4_L3_1.fq.gz	raw_data/BANS_Plate1_Novoseq/01.RawData/B_24N02398/B_24N02398_CKDL240009632-1A_225C2WLT4_L3_2.fq.gz	2339072.235	2333065.374
24N02399	1	Plate2	225CWMLT4	ILLUMINA	1	24N02399	24N02399-Plate2	raw_data/BANS_Plate2_Novoseq/01.RawData/B_24N02399/B_24N02399_CKDL240009631-1A_225CWMLT4_L1_1.fq.gz	raw_data/BANS_Plate2_Novoseq/01.RawData/B_24N02399/B_24N02399_CKDL240009631-1A_225CWMLT4_L1_2.fq.gz	3370625.369	3367119.085
24N02400	1	Plate1	225C2WLT4	ILLUMINA	3	24N02400	24N02400-Plate1	raw_data/BANS_Plate1_Novoseq/01.RawData/B_24N02400/B_24N02400_CKDL240009632-1A_225C2WLT4_L3_1.fq.gz	raw_data/BANS_Plate1_Novoseq/01.RawData/B_24N02400/B_24N02400_CKDL240009632-1A_225C2WLT4_L3_2.fq.gz	1644833.306	1682124.238
24N02401	1	Plate1	225C2WLT4	ILLUMINA	3	24N02401	24N02401-Plate1	raw_data/BANS_Plate1_Novoseq/01.RawData/B_24N02401/B_24N02401_CKDL240009632-1A_225C2WLT4_L3_1.fq.gz	raw_data/BANS_Plate1_Novoseq/01.RawData/B_24N02401/B_24N02401_CKDL240009632-1A_225C2WLT4_L3_2.fq.gz	9961217.292	9993331.557
24N02402	1	Plate2	225CWMLT4	ILLUMINA	1	24N02402	24N02402-Plate2	raw_data/BANS_Plate2_Novoseq/01.RawData/B_24N02402/B_24N02402_CKDL240009631-1A_225CWMLT4_L1_1.fq.gz	raw_data/BANS_Plate2_Novoseq/01.RawData/B_24N02402/B_24N02402_CKDL240009631-1A_225CWMLT4_L1_2.fq.gz	2004584.04	2002981.83
24N02403	1	Plate1	225C2WLT4	ILLUMINA	3	24N02403	24N02403-Plate1	raw_data/BANS_Plate1_Novoseq/01.RawData/B_24N02403/B_24N02403_CKDL240009632-1A_225C2WLT4_L3_1.fq.gz	raw_data/BANS_Plate1_Novoseq/01.RawData/B_24N02403/B_24N02403_CKDL240009632-1A_225C2WLT4_L3_2.fq.gz	6133419.859	6057651.544
24N02404	1	Plate1	225C2WLT4	ILLUMINA	3	24N02404	24N02404-Plate1	raw_data/BANS_Plate1_Novoseq/01.RawData/B_24N02404/B_24N02404_CKDL240009632-1A_225C2WLT4_L3_1.fq.gz	raw_data/BANS_Plate1_Novoseq/01.RawData/B_24N02404/B_24N02404_CKDL240009632-1A_225C2WLT4_L3_2.fq.gz	2868754.035	2862143.657
24N02406	1	Plate2	225CWMLT4	ILLUMINA	1	24N02406	24N02406-Plate2	raw_data/BANS_Plate2_Novoseq/01.RawData/B_24N02406/B_24N02406_CKDL240009631-1A_225CWMLT4_L1_1.fq.gz	raw_data/BANS_Plate2_Novoseq/01.RawData/B_24N02406/B_24N02406_CKDL240009631-1A_225CWMLT4_L1_2.fq.gz	1354420.375	1347234.527
24N02407	1	Plate1	225C2WLT4	ILLUMINA	3	24N02407	24N02407-Plate1	raw_data/BANS_Plate1_Novoseq/01.RawData/B_24N02407/B_24N02407_CKDL240009632-1A_225C2WLT4_L3_1.fq.gz	raw_data/BANS_Plate1_Novoseq/01.RawData/B_24N02407/B_24N02407_CKDL240009632-1A_225C2WLT4_L3_2.fq.gz	1467643.401	1462305.887
24N02408	1	Plate2	225CWMLT4	ILLUMINA	1	24N02408	24N02408-Plate2	raw_data/BANS_Plate2_Novoseq/01.RawData/B_24N02408/B_24N02408_CKDL240009631-1A_225CWMLT4_L1_1.fq.gz	raw_data/BANS_Plate2_Novoseq/01.RawData/B_24N02408/B_24N02408_CKDL240009631-1A_225CWMLT4_L1_2.fq.gz	4616897.858	4603149.169
24N02440	1	Plate2	225CWMLT4	ILLUMINA	1	24N02440	24N02440-Plate2	raw_data/BANS_Plate2_Novoseq/01.RawData/B_24N02440/B_24N02440_CKDL240009631-1A_225CWMLT4_L1_1.fq.gz	raw_data/BANS_Plate2_Novoseq/01.RawData/B_24N02440/B_24N02440_CKDL240009631-1A_225CWMLT4_L1_2.fq.gz	3838588.031	3678506.021
24N02441	1	Plate2	225CWMLT4	ILLUMINA	1	24N02441	24N02441-Plate2	raw_data/BANS_Plate2_Novoseq/01.RawData/B_24N02441/B_24N02441_CKDL240009631-1A_225CWMLT4_L1_1.fq.gz	raw_data/BANS_Plate2_Novoseq/01.RawData/B_24N02441/B_24N02441_CKDL240009631-1A_225CWMLT4_L1_2.fq.gz	4946982.954	4797937.342
24N02442	1	Plate1	225C2WLT4	ILLUMINA	3	24N02442	24N02442-Plate1	raw_data/BANS_Plate1_Novoseq/01.RawData/B_24N02442/B_24N02442_CKDL240009632-1A_225C2WLT4_L3_1.fq.gz	raw_data/BANS_Plate1_Novoseq/01.RawData/B_24N02442/B_24N02442_CKDL240009632-1A_225C2WLT4_L3_2.fq.gz	3573359.647	3597668.741
24N02443	1	Plate2	225CWMLT4	ILLUMINA	1	24N02443	24N02443-Plate2	raw_data/BANS_Plate2_Novoseq/01.RawData/B_24N02443/B_24N02443_CKDL240009631-1A_225CWMLT4_L1_1.fq.gz	raw_data/BANS_Plate2_Novoseq/01.RawData/B_24N02443/B_24N02443_CKDL240009631-1A_225CWMLT4_L1_2.fq.gz	3296010.183	3245920.237
24N02444	1	Plate2	225CWMLT4	ILLUMINA	1	24N02444	24N02444-Plate2	raw_data/BANS_Plate2_Novoseq/01.RawData/B_24N02444/B_24N02444_CKDL240009631-1A_225CWMLT4_L1_1.fq.gz	raw_data/BANS_Plate2_Novoseq/01.RawData/B_24N02444/B_24N02444_CKDL240009631-1A_225CWMLT4_L1_2.fq.gz	4524867.124	4505912.612
24N02445	1	Plate2	225CWMLT4	ILLUMINA	1	24N02445	24N02445-Plate2	raw_data/BANS_Plate2_Novoseq/01.RawData/B_24N02445/B_24N02445_CKDL240009631-1A_225CWMLT4_L1_1.fq.gz	raw_data/BANS_Plate2_Novoseq/01.RawData/B_24N02445/B_24N02445_CKDL240009631-1A_225CWMLT4_L1_2.fq.gz	5156941.264	5016925.462
24N02446	1	Plate1	225C2WLT4	ILLUMINA	3	24N02446	24N02446-Plate1	raw_data/BANS_Plate1_Novoseq/01.RawData/B_24N02446/B_24N02446_CKDL240009632-1A_225C2WLT4_L3_1.fq.gz	raw_data/BANS_Plate1_Novoseq/01.RawData/B_24N02446/B_24N02446_CKDL240009632-1A_225C2WLT4_L3_2.fq.gz	2950346.015	2914155.875
24N02447	1	Plate1	225C2WLT4	ILLUMINA	3	24N02447	24N02447-Plate1	raw_data/BANS_Plate1_Novoseq/01.RawData/B_24N02447/B_24N02447_CKDL240009632-1A_225C2WLT4_L3_1.fq.gz	raw_data/BANS_Plate1_Novoseq/01.RawData/B_24N02447/B_24N02447_CKDL240009632-1A_225C2WLT4_L3_2.fq.gz	2702748.247	2640009.674
24N02448	1	Plate1	225C2WLT4	ILLUMINA	3	24N02448	24N02448-Plate1	raw_data/BANS_Plate1_Novoseq/01.RawData/B_24N02448/B_24N02448_CKDL240009632-1A_225C2WLT4_L3_1.fq.gz	raw_data/BANS_Plate1_Novoseq/01.RawData/B_24N02448/B_24N02448_CKDL240009632-1A_225C2WLT4_L3_2.fq.gz	3915934.897	3890228.715
24N02449	1	Plate2	225CWMLT4	ILLUMINA	1	24N02449	24N02449-Plate2	raw_data/BANS_Plate2_Novoseq/01.RawData/B_24N02449/B_24N02449_CKDL240009631-1A_225CWMLT4_L1_1.fq.gz	raw_data/BANS_Plate2_Novoseq/01.RawData/B_24N02449/B_24N02449_CKDL240009631-1A_225CWMLT4_L1_2.fq.gz	3545138.51	3498177.879
24N02450	1	Plate2	225CWMLT4	ILLUMINA	1	24N02450	24N02450-Plate2	raw_data/BANS_Plate2_Novoseq/01.RawData/B_24N02450/B_24N02450_CKDL240009631-1A_225CWMLT4_L1_1.fq.gz	raw_data/BANS_Plate2_Novoseq/01.RawData/B_24N02450/B_24N02450_CKDL240009631-1A_225CWMLT4_L1_2.fq.gz	3169820.612	3110981.77
24N02451	1	Plate2	225CWMLT4	ILLUMINA	1	24N02451	24N02451-Plate2	raw_data/BANS_Plate2_Novoseq/01.RawData/B_24N02451/B_24N02451_CKDL240009631-1A_225CWMLT4_L1_1.fq.gz	raw_data/BANS_Plate2_Novoseq/01.RawData/B_24N02451/B_24N02451_CKDL240009631-1A_225CWMLT4_L1_2.fq.gz	2615381.34	2577759.896
24N02480	1	Plate1	225C2WLT4	ILLUMINA	3	24N02480	24N02480-Plate1	raw_data/BANS_Plate1_Novoseq/01.RawData/B_24N02480/B_24N02480_CKDL240009632-1A_225C2WLT4_L3_1.fq.gz	raw_data/BANS_Plate1_Novoseq/01.RawData/B_24N02480/B_24N02480_CKDL240009632-1A_225C2WLT4_L3_2.fq.gz	5573831.763	5559372.339
24N02481	1	Plate1	225C2WLT4	ILLUMINA	3	24N02481	24N02481-Plate1	raw_data/BANS_Plate1_Novoseq/01.RawData/B_24N02481/B_24N02481_CKDL240009632-1A_225C2WLT4_L3_1.fq.gz	raw_data/BANS_Plate1_Novoseq/01.RawData/B_24N02481/B_24N02481_CKDL240009632-1A_225C2WLT4_L3_2.fq.gz	3424214.425	3368251.072
24N02482	1	Plate1	225C2WLT4	ILLUMINA	3	24N02482	24N02482-Plate1	raw_data/BANS_Plate1_Novoseq/01.RawData/B_24N02482/B_24N02482_CKDL240009632-1A_225C2WLT4_L3_1.fq.gz	raw_data/BANS_Plate1_Novoseq/01.RawData/B_24N02482/B_24N02482_CKDL240009632-1A_225C2WLT4_L3_2.fq.gz	4940046.643	5001824.409
24N02483	1	Plate1	225C2WLT4	ILLUMINA	3	24N02483	24N02483-Plate1	raw_data/BANS_Plate1_Novoseq/01.RawData/B_24N02483/B_24N02483_CKDL240009632-1A_225C2WLT4_L3_1.fq.gz	raw_data/BANS_Plate1_Novoseq/01.RawData/B_24N02483/B_24N02483_CKDL240009632-1A_225C2WLT4_L3_2.fq.gz	3650291.539	3637112.822
24N02484	1	Plate1	225C2WLT4	ILLUMINA	3	24N02484	24N02484-Plate1	raw_data/BANS_Plate1_Novoseq/01.RawData/B_24N02484/B_24N02484_CKDL240009632-1A_225C2WLT4_L3_1.fq.gz	raw_data/BANS_Plate1_Novoseq/01.RawData/B_24N02484/B_24N02484_CKDL240009632-1A_225C2WLT4_L3_2.fq.gz	4109448.94	4063349.726
24N02485	1	Plate2	225CWMLT4	ILLUMINA	1	24N02485	24N02485-Plate2	raw_data/BANS_Plate2_Novoseq/01.RawData/B_24N02485/B_24N02485_CKDL240009631-1A_225CWMLT4_L1_1.fq.gz	raw_data/BANS_Plate2_Novoseq/01.RawData/B_24N02485/B_24N02485_CKDL240009631-1A_225CWMLT4_L1_2.fq.gz	3606425.957	3584200.245
24N02486	1	Plate2	225CWMLT4	ILLUMINA	1	24N02486	24N02486-Plate2	raw_data/BANS_Plate2_Novoseq/01.RawData/B_24N02486/B_24N02486_CKDL240009631-1A_225CWMLT4_L1_1.fq.gz	raw_data/BANS_Plate2_Novoseq/01.RawData/B_24N02486/B_24N02486_CKDL240009631-1A_225CWMLT4_L1_2.fq.gz	3640300.118	3634396.8
24N02487	1	Plate1	225C2WLT4	ILLUMINA	3	24N02487	24N02487-Plate1	raw_data/BANS_Plate1_Novoseq/01.RawData/B_24N02487/B_24N02487_CKDL240009632-1A_225C2WLT4_L3_1.fq.gz	raw_data/BANS_Plate1_Novoseq/01.RawData/B_24N02487/B_24N02487_CKDL240009632-1A_225C2WLT4_L3_2.fq.gz	4577220.166	4544099.454
24N02488	1	Plate2	225CWMLT4	ILLUMINA	1	24N02488	24N02488-Plate2	raw_data/BANS_Plate2_Novoseq/01.RawData/B_24N02488/B_24N02488_CKDL240009631-1A_225CWMLT4_L1_1.fq.gz	raw_data/BANS_Plate2_Novoseq/01.RawData/B_24N02488/B_24N02488_CKDL240009631-1A_225CWMLT4_L1_2.fq.gz	4721323.657	4724398.411
24N02497	1	Plate1	225C2WLT4	ILLUMINA	3	24N02497	24N02497-Plate1	raw_data/BANS_Plate1_Novoseq/01.RawData/B_24N02497/B_24N02497_CKDL240009632-1A_225C2WLT4_L3_1.fq.gz	raw_data/BANS_Plate1_Novoseq/01.RawData/B_24N02497/B_24N02497_CKDL240009632-1A_225C2WLT4_L3_2.fq.gz	3377520.893	3326221.718
24N02498	1	Plate2	225CWMLT4	ILLUMINA	1	24N02498	24N02498-Plate2	raw_data/BANS_Plate2_Novoseq/01.RawData/B_24N02498/B_24N02498_CKDL240009631-1A_225CWMLT4_L1_1.fq.gz	raw_data/BANS_Plate2_Novoseq/01.RawData/B_24N02498/B_24N02498_CKDL240009631-1A_225CWMLT4_L1_2.fq.gz	886513.918	870562.34
24N02499	1	Plate1	225C2WLT4	ILLUMINA	3	24N02499	24N02499-Plate1	raw_data/BANS_Plate1_Novoseq/01.RawData/B_24N02499/B_24N02499_CKDL240009632-1A_225C2WLT4_L3_1.fq.gz	raw_data/BANS_Plate1_Novoseq/01.RawData/B_24N02499/B_24N02499_CKDL240009632-1A_225C2WLT4_L3_2.fq.gz	3968439.477	3970704.683
24N02500	1	Plate2	225CWMLT4	ILLUMINA	1	24N02500	24N02500-Plate2	raw_data/BANS_Plate2_Novoseq/01.RawData/B_24N02500/B_24N02500_CKDL240009631-1A_225CWMLT4_L1_1.fq.gz	raw_data/BANS_Plate2_Novoseq/01.RawData/B_24N02500/B_24N02500_CKDL240009631-1A_225CWMLT4_L1_2.fq.gz	3538632.506	3476790.567
24N02501	1	Plate1	225C2WLT4	ILLUMINA	3	24N02501	24N02501-Plate1	raw_data/BANS_Plate1_Novoseq/01.RawData/B_24N02501/B_24N02501_CKDL240009632-1A_225C2WLT4_L3_1.fq.gz	raw_data/BANS_Plate1_Novoseq/01.RawData/B_24N02501/B_24N02501_CKDL240009632-1A_225C2WLT4_L3_2.fq.gz	760206.953	753169.233
24N02502	1	Plate1	225C2WLT4	ILLUMINA	3	24N02502	24N02502-Plate1	raw_data/BANS_Plate1_Novoseq/01.RawData/B_24N02502/B_24N02502_CKDL240009632-1A_225C2WLT4_L3_1.fq.gz	raw_data/BANS_Plate1_Novoseq/01.RawData/B_24N02502/B_24N02502_CKDL240009632-1A_225C2WLT4_L3_2.fq.gz	2131993.52	2110319.237
24N02503	1	Plate2	225CWMLT4	ILLUMINA	1	24N02503	24N02503-Plate2	raw_data/BANS_Plate2_Novoseq/01.RawData/B_24N02503/B_24N02503_CKDL240009631-1A_225CWMLT4_L1_1.fq.gz	raw_data/BANS_Plate2_Novoseq/01.RawData/B_24N02503/B_24N02503_CKDL240009631-1A_225CWMLT4_L1_2.fq.gz	2866912.447	2849438.459
24N02504	1	Plate2	225CWMLT4	ILLUMINA	1	24N02504	24N02504-Plate2	raw_data/BANS_Plate2_Novoseq/01.RawData/B_24N02504/B_24N02504_CKDL240009631-1A_225CWMLT4_L1_1.fq.gz	raw_data/BANS_Plate2_Novoseq/01.RawData/B_24N02504/B_24N02504_CKDL240009631-1A_225CWMLT4_L1_2.fq.gz	2521610.786	2482575.312
24N02505	1	Plate2	225CWMLT4	ILLUMINA	1	24N02505	24N02505-Plate2	raw_data/BANS_Plate2_Novoseq/01.RawData/B_24N02505/B_24N02505_CKDL240009631-1A_225CWMLT4_L1_1.fq.gz	raw_data/BANS_Plate2_Novoseq/01.RawData/B_24N02505/B_24N02505_CKDL240009631-1A_225CWMLT4_L1_2.fq.gz	3175662.411	3175342.907
24N02506	1	Plate2	225CWMLT4	ILLUMINA	1	24N02506	24N02506-Plate2	raw_data/BANS_Plate2_Novoseq/01.RawData/B_24N02506/B_24N02506_CKDL240009631-1A_225CWMLT4_L1_1.fq.gz	raw_data/BANS_Plate2_Novoseq/01.RawData/B_24N02506/B_24N02506_CKDL240009631-1A_225CWMLT4_L1_2.fq.gz	3382993.733	3354023.054
24N02507	1	Plate2	225CWMLT4	ILLUMINA	1	24N02507	24N02507-Plate2	raw_data/BANS_Plate2_Novoseq/01.RawData/B_24N02507/B_24N02507_CKDL240009631-1A_225CWMLT4_L1_1.fq.gz	raw_data/BANS_Plate2_Novoseq/01.RawData/B_24N02507/B_24N02507_CKDL240009631-1A_225CWMLT4_L1_2.fq.gz	2862757.091	2838930.019
24N02508	1	Plate1	225C2WLT4	ILLUMINA	3	24N02508	24N02508-Plate1	raw_data/BANS_Plate1_Novoseq/01.RawData/B_24N02508/B_24N02508_CKDL240009632-1A_225C2WLT4_L3_1.fq.gz	raw_data/BANS_Plate1_Novoseq/01.RawData/B_24N02508/B_24N02508_CKDL240009632-1A_225C2WLT4_L3_2.fq.gz	1613539.841	1597560.404
24N02517	1	Plate2	225CWMLT4	ILLUMINA	1	24N02517	24N02517-Plate2	raw_data/BANS_Plate2_Novoseq/01.RawData/B_24N02517/B_24N02517_CKDL240009631-1A_225CWMLT4_L1_1.fq.gz	raw_data/BANS_Plate2_Novoseq/01.RawData/B_24N02517/B_24N02517_CKDL240009631-1A_225CWMLT4_L1_2.fq.gz	3547737.151	3525925.921
24N02518	1	Plate2	225CWMLT4	ILLUMINA	1	24N02518	24N02518-Plate2	raw_data/BANS_Plate2_Novoseq/01.RawData/B_24N02518/B_24N02518_CKDL240009631-1A_225CWMLT4_L1_1.fq.gz	raw_data/BANS_Plate2_Novoseq/01.RawData/B_24N02518/B_24N02518_CKDL240009631-1A_225CWMLT4_L1_2.fq.gz	2264510.09	2240862.359
24N02519	1	Plate2	225CWMLT4	ILLUMINA	1	24N02519	24N02519-Plate2	raw_data/BANS_Plate2_Novoseq/01.RawData/B_24N02519/B_24N02519_CKDL240009631-1A_225CWMLT4_L1_1.fq.gz	raw_data/BANS_Plate2_Novoseq/01.RawData/B_24N02519/B_24N02519_CKDL240009631-1A_225CWMLT4_L1_2.fq.gz	2644194.953	2634498.193
24N02520	1	Plate2	225CWMLT4	ILLUMINA	1	24N02520	24N02520-Plate2	raw_data/BANS_Plate2_Novoseq/01.RawData/B_24N02520/B_24N02520_CKDL240009631-1A_225CWMLT4_L1_1.fq.gz	raw_data/BANS_Plate2_Novoseq/01.RawData/B_24N02520/B_24N02520_CKDL240009631-1A_225CWMLT4_L1_2.fq.gz	3404578.466	3359934.805
24N02521	1	Plate2	225CWMLT4	ILLUMINA	1	24N02521	24N02521-Plate2	raw_data/BANS_Plate2_Novoseq/01.RawData/B_24N02521/B_24N02521_CKDL240009631-1A_225CWMLT4_L1_1.fq.gz	raw_data/BANS_Plate2_Novoseq/01.RawData/B_24N02521/B_24N02521_CKDL240009631-1A_225CWMLT4_L1_2.fq.gz	3463444.836	3450011.234
24N02522	1	Plate2	225CWMLT4	ILLUMINA	1	24N02522	24N02522-Plate2	raw_data/BANS_Plate2_Novoseq/01.RawData/B_24N02522/B_24N02522_CKDL240009631-1A_225CWMLT4_L1_1.fq.gz	raw_data/BANS_Plate2_Novoseq/01.RawData/B_24N02522/B_24N02522_CKDL240009631-1A_225CWMLT4_L1_2.fq.gz	3007003.719	2931994.313
24N02523	1	Plate1	225C2WLT4	ILLUMINA	3	24N02523	24N02523-Plate1	raw_data/BANS_Plate1_Novoseq/01.RawData/B_24N02523/B_24N02523_CKDL240009632-1A_225C2WLT4_L3_1.fq.gz	raw_data/BANS_Plate1_Novoseq/01.RawData/B_24N02523/B_24N02523_CKDL240009632-1A_225C2WLT4_L3_2.fq.gz	1430913.074	1402563.355
24N02524	1	Plate2	225CWMLT4	ILLUMINA	1	24N02524	24N02524-Plate2	raw_data/BANS_Plate2_Novoseq/01.RawData/B_24N02524/B_24N02524_CKDL240009631-1A_225CWMLT4_L1_1.fq.gz	raw_data/BANS_Plate2_Novoseq/01.RawData/B_24N02524/B_24N02524_CKDL240009631-1A_225CWMLT4_L1_2.fq.gz	2366470.878	2309325.158
24N02525	1	Plate2	225CWMLT4	ILLUMINA	1	24N02525	24N02525-Plate2	raw_data/BANS_Plate2_Novoseq/01.RawData/B_24N02525/B_24N02525_CKDL240009631-1A_225CWMLT4_L1_1.fq.gz	raw_data/BANS_Plate2_Novoseq/01.RawData/B_24N02525/B_24N02525_CKDL240009631-1A_225CWMLT4_L1_2.fq.gz	3283499.009	3232034.109
24N02526	1	Plate2	225CWMLT4	ILLUMINA	1	24N02526	24N02526-Plate2	raw_data/BANS_Plate2_Novoseq/01.RawData/B_24N02526/B_24N02526_CKDL240009631-1A_225CWMLT4_L1_1.fq.gz	raw_data/BANS_Plate2_Novoseq/01.RawData/B_24N02526/B_24N02526_CKDL240009631-1A_225CWMLT4_L1_2.fq.gz	3342214.041	3237519.078
24N02527	1	Plate2	225CWMLT4	ILLUMINA	1	24N02527	24N02527-Plate2	raw_data/BANS_Plate2_Novoseq/01.RawData/B_24N02527/B_24N02527_CKDL240009631-1A_225CWMLT4_L1_1.fq.gz	raw_data/BANS_Plate2_Novoseq/01.RawData/B_24N02527/B_24N02527_CKDL240009631-1A_225CWMLT4_L1_2.fq.gz	3510542.604	3433032.925
24N02528	1	Plate1	225C2WLT4	ILLUMINA	3	24N02528	24N02528-Plate1	raw_data/BANS_Plate1_Novoseq/01.RawData/B_24N02528/B_24N02528_CKDL240009632-1A_225C2WLT4_L3_1.fq.gz	raw_data/BANS_Plate1_Novoseq/01.RawData/B_24N02528/B_24N02528_CKDL240009632-1A_225C2WLT4_L3_2.fq.gz	2588861.652	2547054.379
24N02531	1	Plate1	225C2WLT4	ILLUMINA	3	24N02531	24N02531-Plate1	raw_data/BANS_Plate1_Novoseq/01.RawData/B_24N02531/B_24N02531_CKDL240009632-1A_225C2WLT4_L3_1.fq.gz	raw_data/BANS_Plate1_Novoseq/01.RawData/B_24N02531/B_24N02531_CKDL240009632-1A_225C2WLT4_L3_2.fq.gz	2535652.494	2477726.587
24N02532	1	Plate2	225CWMLT4	ILLUMINA	1	24N02532	24N02532-Plate2	raw_data/BANS_Plate2_Novoseq/01.RawData/B_24N02532/B_24N02532_CKDL240009631-1A_225CWMLT4_L1_1.fq.gz	raw_data/BANS_Plate2_Novoseq/01.RawData/B_24N02532/B_24N02532_CKDL240009631-1A_225CWMLT4_L1_2.fq.gz	2543201.771	2458634.737
24N02533	1	Plate1	225C2WLT4	ILLUMINA	3	24N02533	24N02533-Plate1	raw_data/BANS_Plate1_Novoseq/01.RawData/B_24N02533/B_24N02533_CKDL240009632-1A_225C2WLT4_L3_1.fq.gz	raw_data/BANS_Plate1_Novoseq/01.RawData/B_24N02533/B_24N02533_CKDL240009632-1A_225C2WLT4_L3_2.fq.gz	839180.065	829969.466
24N02534	1	Plate2	225CWMLT4	ILLUMINA	1	24N02534	24N02534-Plate2	raw_data/BANS_Plate2_Novoseq/01.RawData/B_24N02534/B_24N02534_CKDL240009631-1A_225CWMLT4_L1_1.fq.gz	raw_data/BANS_Plate2_Novoseq/01.RawData/B_24N02534/B_24N02534_CKDL240009631-1A_225CWMLT4_L1_2.fq.gz	3503999.618	3437782.291
24N02535	1	Plate1	225C2WLT4	ILLUMINA	3	24N02535	24N02535-Plate1	raw_data/BANS_Plate1_Novoseq/01.RawData/B_24N02535/B_24N02535_CKDL240009632-1A_225C2WLT4_L3_1.fq.gz	raw_data/BANS_Plate1_Novoseq/01.RawData/B_24N02535/B_24N02535_CKDL240009632-1A_225C2WLT4_L3_2.fq.gz	1833739.753	1801620.704
24N02536	1	Plate2	225CWMLT4	ILLUMINA	1	24N02536	24N02536-Plate2	raw_data/BANS_Plate2_Novoseq/01.RawData/B_24N02536/B_24N02536_CKDL240009631-1A_225CWMLT4_L1_1.fq.gz	raw_data/BANS_Plate2_Novoseq/01.RawData/B_24N02536/B_24N02536_CKDL240009631-1A_225CWMLT4_L1_2.fq.gz	3460347.516	3408647.636
24N02537	1	Plate1	225C2WLT4	ILLUMINA	3	24N02537	24N02537-Plate1	raw_data/BANS_Plate1_Novoseq/01.RawData/B_24N02537/B_24N02537_CKDL240009632-1A_225C2WLT4_L3_1.fq.gz	raw_data/BANS_Plate1_Novoseq/01.RawData/B_24N02537/B_24N02537_CKDL240009632-1A_225C2WLT4_L3_2.fq.gz	1506591.594	1473407.884
24N02538	1	Plate1	225C2WLT4	ILLUMINA	3	24N02538	24N02538-Plate1	raw_data/BANS_Plate1_Novoseq/01.RawData/B_24N02538/B_24N02538_CKDL240009632-1A_225C2WLT4_L3_1.fq.gz	raw_data/BANS_Plate1_Novoseq/01.RawData/B_24N02538/B_24N02538_CKDL240009632-1A_225C2WLT4_L3_2.fq.gz	2428861.885	2385661.724
24N02539	1	Plate2	225CWMLT4	ILLUMINA	1	24N02539	24N02539-Plate2	raw_data/BANS_Plate2_Novoseq/01.RawData/B_24N02539/B_24N02539_CKDL240009631-1A_225CWMLT4_L1_1.fq.gz	raw_data/BANS_Plate2_Novoseq/01.RawData/B_24N02539/B_24N02539_CKDL240009631-1A_225CWMLT4_L1_2.fq.gz	3517973.683	3488875.879
24N02540	1	Plate1	225C2WLT4	ILLUMINA	3	24N02540	24N02540-Plate1	raw_data/BANS_Plate1_Novoseq/01.RawData/B_24N02540/B_24N02540_CKDL240009632-1A_225C2WLT4_L3_1.fq.gz	raw_data/BANS_Plate1_Novoseq/01.RawData/B_24N02540/B_24N02540_CKDL240009632-1A_225C2WLT4_L3_2.fq.gz	3128670.418	3050577.772
24N02541	1	Plate1	225C2WLT4	ILLUMINA	3	24N02541	24N02541-Plate1	raw_data/BANS_Plate1_Novoseq/01.RawData/B_24N02541/B_24N02541_CKDL240009632-1A_225C2WLT4_L3_1.fq.gz	raw_data/BANS_Plate1_Novoseq/01.RawData/B_24N02541/B_24N02541_CKDL240009632-1A_225C2WLT4_L3_2.fq.gz	2398179.299	2335165.897
24N02542	1	Plate1	225C2WLT4	ILLUMINA	3	24N02542	24N02542-Plate1	raw_data/BANS_Plate1_Novoseq/01.RawData/B_24N02542/B_24N02542_CKDL240009632-1A_225C2WLT4_L3_1.fq.gz	raw_data/BANS_Plate1_Novoseq/01.RawData/B_24N02542/B_24N02542_CKDL240009632-1A_225C2WLT4_L3_2.fq.gz	2874261.935	2782151.247
24N02615	1	Plate1	225C2WLT4	ILLUMINA	3	24N02615	24N02615-Plate1	raw_data/BANS_Plate1_Novoseq/01.RawData/B_24N02615/B_24N02615_CKDL240009632-1A_225C2WLT4_L3_1.fq.gz	raw_data/BANS_Plate1_Novoseq/01.RawData/B_24N02615/B_24N02615_CKDL240009632-1A_225C2WLT4_L3_2.fq.gz	1279964.01	1259298.157
24N02616	1	Plate1	225C2WLT4	ILLUMINA	3	24N02616	24N02616-Plate1	raw_data/BANS_Plate1_Novoseq/01.RawData/B_24N02616/B_24N02616_CKDL240009632-1A_225C2WLT4_L3_1.fq.gz	raw_data/BANS_Plate1_Novoseq/01.RawData/B_24N02616/B_24N02616_CKDL240009632-1A_225C2WLT4_L3_2.fq.gz	1950866.362	1920228.962
24N02617	1	Plate1	225C2WLT4	ILLUMINA	3	24N02617	24N02617-Plate1	raw_data/BANS_Plate1_Novoseq/01.RawData/B_24N02617/B_24N02617_CKDL240009632-1A_225C2WLT4_L3_1.fq.gz	raw_data/BANS_Plate1_Novoseq/01.RawData/B_24N02617/B_24N02617_CKDL240009632-1A_225C2WLT4_L3_2.fq.gz	2706270.251	2676026.136
24N02618	1	Plate1	225C2WLT4	ILLUMINA	3	24N02618	24N02618-Plate1	raw_data/BANS_Plate1_Novoseq/01.RawData/B_24N02618/B_24N02618_CKDL240009632-1A_225C2WLT4_L3_1.fq.gz	raw_data/BANS_Plate1_Novoseq/01.RawData/B_24N02618/B_24N02618_CKDL240009632-1A_225C2WLT4_L3_2.fq.gz	1747402.372	1730466.319
24N02620	1	Plate2	225CWMLT4	ILLUMINA	1	24N02620	24N02620-Plate2	raw_data/BANS_Plate2_Novoseq/01.RawData/B_24N02620/B_24N02620_CKDL240009631-1A_225CWMLT4_L1_1.fq.gz	raw_data/BANS_Plate2_Novoseq/01.RawData/B_24N02620/B_24N02620_CKDL240009631-1A_225CWMLT4_L1_2.fq.gz	2574474.882	2527696.201
24N02621	1	Plate2	225CWMLT4	ILLUMINA	1	24N02621	24N02621-Plate2	raw_data/BANS_Plate2_Novoseq/01.RawData/B_24N02621/B_24N02621_CKDL240009631-1A_225CWMLT4_L1_1.fq.gz	raw_data/BANS_Plate2_Novoseq/01.RawData/B_24N02621/B_24N02621_CKDL240009631-1A_225CWMLT4_L1_2.fq.gz	3290004.575	3162996.628
24N02622	1	Plate1	225C2WLT4	ILLUMINA	3	24N02622	24N02622-Plate1	raw_data/BANS_Plate1_Novoseq/01.RawData/B_24N02622/B_24N02622_CKDL240009632-1A_225C2WLT4_L3_1.fq.gz	raw_data/BANS_Plate1_Novoseq/01.RawData/B_24N02622/B_24N02622_CKDL240009632-1A_225C2WLT4_L3_2.fq.gz	3720683.475	3714349.865
24N02623	1	Plate1	225C2WLT4	ILLUMINA	3	24N02623	24N02623-Plate1	raw_data/BANS_Plate1_Novoseq/01.RawData/B_24N02623/B_24N02623_CKDL240009632-1A_225C2WLT4_L3_1.fq.gz	raw_data/BANS_Plate1_Novoseq/01.RawData/B_24N02623/B_24N02623_CKDL240009632-1A_225C2WLT4_L3_2.fq.gz	2379267.215	2344967.44
24N02624	1	Plate1	225C2WLT4	ILLUMINA	3	24N02624	24N02624-Plate1	raw_data/BANS_Plate1_Novoseq/01.RawData/B_24N02624/B_24N02624_CKDL240009632-1A_225C2WLT4_L3_1.fq.gz	raw_data/BANS_Plate1_Novoseq/01.RawData/B_24N02624/B_24N02624_CKDL240009632-1A_225C2WLT4_L3_2.fq.gz	2090787.728	2068214.498
24N02625	1	Plate1	225C2WLT4	ILLUMINA	3	24N02625	24N02625-Plate1	raw_data/BANS_Plate1_Novoseq/01.RawData/B_24N02625/B_24N02625_CKDL240009632-1A_225C2WLT4_L3_1.fq.gz	raw_data/BANS_Plate1_Novoseq/01.RawData/B_24N02625/B_24N02625_CKDL240009632-1A_225C2WLT4_L3_2.fq.gz	1721026.736	1694216.806
24N02682	1	Plate1	225C2WLT4	ILLUMINA	3	24N02682	24N02682-Plate1	raw_data/BANS_Plate1_Novoseq/01.RawData/B_24N02682/B_24N02682_CKDL240009632-1A_225C2WLT4_L3_1.fq.gz	raw_data/BANS_Plate1_Novoseq/01.RawData/B_24N02682/B_24N02682_CKDL240009632-1A_225C2WLT4_L3_2.fq.gz	2034667.684	2017031.078
24N02683	1	Plate2	225CWMLT4	ILLUMINA	1	24N02683	24N02683-Plate2	raw_data/BANS_Plate2_Novoseq/01.RawData/B_24N02683/B_24N02683_CKDL240009631-1A_225CWMLT4_L1_1.fq.gz	raw_data/BANS_Plate2_Novoseq/01.RawData/B_24N02683/B_24N02683_CKDL240009631-1A_225CWMLT4_L1_2.fq.gz	3360925.526	3358422.503
24N02684	1	Plate1	225C2WLT4	ILLUMINA	3	24N02684	24N02684-Plate1	raw_data/BANS_Plate1_Novoseq/01.RawData/B_24N02684/B_24N02684_CKDL240009632-1A_225C2WLT4_L3_1.fq.gz	raw_data/BANS_Plate1_Novoseq/01.RawData/B_24N02684/B_24N02684_CKDL240009632-1A_225C2WLT4_L3_2.fq.gz	1791261.91	1789987.905
24N02685	1	Plate2	225CWMLT4	ILLUMINA	1	24N02685	24N02685-Plate2	raw_data/BANS_Plate2_Novoseq/01.RawData/B_24N02685/B_24N02685_CKDL240009631-1A_225CWMLT4_L1_1.fq.gz	raw_data/BANS_Plate2_Novoseq/01.RawData/B_24N02685/B_24N02685_CKDL240009631-1A_225CWMLT4_L1_2.fq.gz	3004522.346	2979461.878
24N02686	1	Plate2	225CWMLT4	ILLUMINA	1	24N02686	24N02686-Plate2	raw_data/BANS_Plate2_Novoseq/01.RawData/B_24N02686/B_24N02686_CKDL240009631-1A_225CWMLT4_L1_1.fq.gz	raw_data/BANS_Plate2_Novoseq/01.RawData/B_24N02686/B_24N02686_CKDL240009631-1A_225CWMLT4_L1_2.fq.gz	3063103.225	3034718.752
24N02687	1	Plate1	225C2WLT4	ILLUMINA	3	24N02687	24N02687-Plate1	raw_data/BANS_Plate1_Novoseq/01.RawData/B_24N02687/B_24N02687_CKDL240009632-1A_225C2WLT4_L3_1.fq.gz	raw_data/BANS_Plate1_Novoseq/01.RawData/B_24N02687/B_24N02687_CKDL240009632-1A_225C2WLT4_L3_2.fq.gz	3025529.399	2984280.777
24N02688	1	Plate1	225C2WLT4	ILLUMINA	3	24N02688	24N02688-Plate1	raw_data/BANS_Plate1_Novoseq/01.RawData/B_24N02688/B_24N02688_CKDL240009632-1A_225C2WLT4_L3_1.fq.gz	raw_data/BANS_Plate1_Novoseq/01.RawData/B_24N02688/B_24N02688_CKDL240009632-1A_225C2WLT4_L3_2.fq.gz	1600967.563	1580867.704
24N02689	1	Plate1	225C2WLT4	ILLUMINA	3	24N02689	24N02689-Plate1	raw_data/BANS_Plate1_Novoseq/01.RawData/B_24N02689/B_24N02689_CKDL240009632-1A_225C2WLT4_L3_1.fq.gz	raw_data/BANS_Plate1_Novoseq/01.RawData/B_24N02689/B_24N02689_CKDL240009632-1A_225C2WLT4_L3_2.fq.gz	2294738.258	2273387.734
24N02690	1	Plate1	225C2WLT4	ILLUMINA	3	24N02690	24N02690-Plate1	raw_data/BANS_Plate1_Novoseq/01.RawData/B_24N02690/B_24N02690_CKDL240009632-1A_225C2WLT4_L3_1.fq.gz	raw_data/BANS_Plate1_Novoseq/01.RawData/B_24N02690/B_24N02690_CKDL240009632-1A_225C2WLT4_L3_2.fq.gz	1970440.818	1958080.704
24N02691	1	Plate1	225C2WLT4	ILLUMINA	3	24N02691	24N02691-Plate1	raw_data/BANS_Plate1_Novoseq/01.RawData/B_24N02691/B_24N02691_CKDL240009632-1A_225C2WLT4_L3_1.fq.gz	raw_data/BANS_Plate1_Novoseq/01.RawData/B_24N02691/B_24N02691_CKDL240009632-1A_225C2WLT4_L3_2.fq.gz	1872170.436	1863102.22
24N02692	1	Plate1	225C2WLT4	ILLUMINA	3	24N02692	24N02692-Plate1	raw_data/BANS_Plate1_Novoseq/01.RawData/B_24N02692/B_24N02692_CKDL240009632-1A_225C2WLT4_L3_1.fq.gz	raw_data/BANS_Plate1_Novoseq/01.RawData/B_24N02692/B_24N02692_CKDL240009632-1A_225C2WLT4_L3_2.fq.gz	1547921.091	1526372.218
24N02693	1	Plate1	225C2WLT4	ILLUMINA	3	24N02693	24N02693-Plate1	raw_data/BANS_Plate1_Novoseq/01.RawData/B_24N02693/B_24N02693_CKDL240009632-1A_225C2WLT4_L3_1.fq.gz	raw_data/BANS_Plate1_Novoseq/01.RawData/B_24N02693/B_24N02693_CKDL240009632-1A_225C2WLT4_L3_2.fq.gz	2120254.059	2084791.923
24N02794	1	Plate1	225C2WLT4	ILLUMINA	3	24N02794	24N02794-Plate1	raw_data/BANS_Plate1_Novoseq/01.RawData/B_24N02794/B_24N02794_CKDL240009632-1A_225C2WLT4_L3_1.fq.gz	raw_data/BANS_Plate1_Novoseq/01.RawData/B_24N02794/B_24N02794_CKDL240009632-1A_225C2WLT4_L3_2.fq.gz	2278029.445	2254048.474
24N02795	1	Plate2	225CWMLT4	ILLUMINA	1	24N02795	24N02795-Plate2	raw_data/BANS_Plate2_Novoseq/01.RawData/B_24N02795/B_24N02795_CKDL240009631-1A_225CWMLT4_L1_1.fq.gz	raw_data/BANS_Plate2_Novoseq/01.RawData/B_24N02795/B_24N02795_CKDL240009631-1A_225CWMLT4_L1_2.fq.gz	2188695.975	2174890.08
24N02796	1	Plate1	225C2WLT4	ILLUMINA	3	24N02796	24N02796-Plate1	raw_data/BANS_Plate1_Novoseq/01.RawData/B_24N02796/B_24N02796_CKDL240009632-1A_225C2WLT4_L3_1.fq.gz	raw_data/BANS_Plate1_Novoseq/01.RawData/B_24N02796/B_24N02796_CKDL240009632-1A_225C2WLT4_L3_2.fq.gz	3024334.187	2990496.45
24N02797	1	Plate1	225C2WLT4	ILLUMINA	3	24N02797	24N02797-Plate1	raw_data/BANS_Plate1_Novoseq/01.RawData/B_24N02797/B_24N02797_CKDL240009632-1A_225C2WLT4_L3_1.fq.gz	raw_data/BANS_Plate1_Novoseq/01.RawData/B_24N02797/B_24N02797_CKDL240009632-1A_225C2WLT4_L3_2.fq.gz	2057857.758	2026377.618
24N02799	1	Plate1	225C2WLT4	ILLUMINA	3	24N02799	24N02799-Plate1	raw_data/BANS_Plate1_Novoseq/01.RawData/B_24N02799/B_24N02799_CKDL240009632-1A_225C2WLT4_L3_1.fq.gz	raw_data/BANS_Plate1_Novoseq/01.RawData/B_24N02799/B_24N02799_CKDL240009632-1A_225C2WLT4_L3_2.fq.gz	2059663.168	2018119.892
24N02800	1	Plate1	225C2WLT4	ILLUMINA	3	24N02800	24N02800-Plate1	raw_data/BANS_Plate1_Novoseq/01.RawData/B_24N02800/B_24N02800_CKDL240009632-1A_225C2WLT4_L3_1.fq.gz	raw_data/BANS_Plate1_Novoseq/01.RawData/B_24N02800/B_24N02800_CKDL240009632-1A_225C2WLT4_L3_2.fq.gz	1859542.306	1837842.038
24N02801	1	Plate2	225CWMLT4	ILLUMINA	1	24N02801	24N02801-Plate2	raw_data/BANS_Plate2_Novoseq/01.RawData/B_24N02801/B_24N02801_CKDL240009631-1A_225CWMLT4_L1_1.fq.gz	raw_data/BANS_Plate2_Novoseq/01.RawData/B_24N02801/B_24N02801_CKDL240009631-1A_225CWMLT4_L1_2.fq.gz	2164499.014	2135288.832
24N02802	1	Plate1	225C2WLT4	ILLUMINA	3	24N02802	24N02802-Plate1	raw_data/BANS_Plate1_Novoseq/01.RawData/B_24N02802/B_24N02802_CKDL240009632-1A_225C2WLT4_L3_1.fq.gz	raw_data/BANS_Plate1_Novoseq/01.RawData/B_24N02802/B_24N02802_CKDL240009632-1A_225C2WLT4_L3_2.fq.gz	1827682.475	1797175.424
24N02803	1	Plate2	225CWMLT4	ILLUMINA	1	24N02803	24N02803-Plate2	raw_data/BANS_Plate2_Novoseq/01.RawData/B_24N02803/B_24N02803_CKDL240009631-1A_225CWMLT4_L1_1.fq.gz	raw_data/BANS_Plate2_Novoseq/01.RawData/B_24N02803/B_24N02803_CKDL240009631-1A_225CWMLT4_L1_2.fq.gz	3630579.821	3556080.819
24N02804	1	Plate1	225C2WLT4	ILLUMINA	3	24N02804	24N02804-Plate1	raw_data/BANS_Plate1_Novoseq/01.RawData/B_24N02804/B_24N02804_CKDL240009632-1A_225C2WLT4_L3_1.fq.gz	raw_data/BANS_Plate1_Novoseq/01.RawData/B_24N02804/B_24N02804_CKDL240009632-1A_225C2WLT4_L3_2.fq.gz	2678835.949	2627177.904
24N02815	1	Plate1	225C2WLT4	ILLUMINA	3	24N02815	24N02815-Plate1	raw_data/BANS_Plate1_Novoseq/01.RawData/B_24N02815/B_24N02815_CKDL240009632-1A_225C2WLT4_L3_1.fq.gz	raw_data/BANS_Plate1_Novoseq/01.RawData/B_24N02815/B_24N02815_CKDL240009632-1A_225C2WLT4_L3_2.fq.gz	2013426.386	1986818.691
24N02816	1	Plate1	225C2WLT4	ILLUMINA	3	24N02816	24N02816-Plate1	raw_data/BANS_Plate1_Novoseq/01.RawData/B_24N02816/B_24N02816_CKDL240009632-1A_225C2WLT4_L3_1.fq.gz	raw_data/BANS_Plate1_Novoseq/01.RawData/B_24N02816/B_24N02816_CKDL240009632-1A_225C2WLT4_L3_2.fq.gz	2177954.98	2156034.307
24N02817	1	Plate1	225C2WLT4	ILLUMINA	3	24N02817	24N02817-Plate1	raw_data/BANS_Plate1_Novoseq/01.RawData/B_24N02817/B_24N02817_CKDL240009632-1A_225C2WLT4_L3_1.fq.gz	raw_data/BANS_Plate1_Novoseq/01.RawData/B_24N02817/B_24N02817_CKDL240009632-1A_225C2WLT4_L3_2.fq.gz	1858963.828	1848954.658
24N02818	1	Plate2	225CWMLT4	ILLUMINA	1	24N02818	24N02818-Plate2	raw_data/BANS_Plate2_Novoseq/01.RawData/B_24N02818/B_24N02818_CKDL240009631-1A_225CWMLT4_L1_1.fq.gz	raw_data/BANS_Plate2_Novoseq/01.RawData/B_24N02818/B_24N02818_CKDL240009631-1A_225CWMLT4_L1_2.fq.gz	3476255.791	3398785.124
24N02819	1	Plate1	225C2WLT4	ILLUMINA	3	24N02819	24N02819-Plate1	raw_data/BANS_Plate1_Novoseq/01.RawData/B_24N02819/B_24N02819_CKDL240009632-1A_225C2WLT4_L3_1.fq.gz	raw_data/BANS_Plate1_Novoseq/01.RawData/B_24N02819/B_24N02819_CKDL240009632-1A_225C2WLT4_L3_2.fq.gz	2739232.698	2745715.669
24N02820	1	Plate1	225C2WLT4	ILLUMINA	3	24N02820	24N02820-Plate1	raw_data/BANS_Plate1_Novoseq/01.RawData/B_24N02820/B_24N02820_CKDL240009632-1A_225C2WLT4_L3_1.fq.gz	raw_data/BANS_Plate1_Novoseq/01.RawData/B_24N02820/B_24N02820_CKDL240009632-1A_225C2WLT4_L3_2.fq.gz	1394859.293	1372953.932
24N02821	1	Plate2	225CWMLT4	ILLUMINA	1	24N02821	24N02821-Plate2	raw_data/BANS_Plate2_Novoseq/01.RawData/B_24N02821/B_24N02821_CKDL240009631-1A_225CWMLT4_L1_1.fq.gz	raw_data/BANS_Plate2_Novoseq/01.RawData/B_24N02821/B_24N02821_CKDL240009631-1A_225CWMLT4_L1_2.fq.gz	2842226.425	2796921.202
24N02822	1	Plate2	225CWMLT4	ILLUMINA	1	24N02822	24N02822-Plate2	raw_data/BANS_Plate2_Novoseq/01.RawData/B_24N02822/B_24N02822_CKDL240009631-1A_225CWMLT4_L1_1.fq.gz	raw_data/BANS_Plate2_Novoseq/01.RawData/B_24N02822/B_24N02822_CKDL240009631-1A_225CWMLT4_L1_2.fq.gz	2518292.285	2470134.21
24N02823	1	Plate2	225CWMLT4	ILLUMINA	1	24N02823	24N02823-Plate2	raw_data/BANS_Plate2_Novoseq/01.RawData/B_24N02823/B_24N02823_CKDL240009631-1A_225CWMLT4_L1_1.fq.gz	raw_data/BANS_Plate2_Novoseq/01.RawData/B_24N02823/B_24N02823_CKDL240009631-1A_225CWMLT4_L1_2.fq.gz	2466011.079	2434705.834
24N02824	1	Plate1	225C2WLT4	ILLUMINA	3	24N02824	24N02824-Plate1	raw_data/BANS_Plate1_Novoseq/01.RawData/B_24N02824/B_24N02824_CKDL240009632-1A_225C2WLT4_L3_1.fq.gz	raw_data/BANS_Plate1_Novoseq/01.RawData/B_24N02824/B_24N02824_CKDL240009632-1A_225C2WLT4_L3_2.fq.gz	1759115.741	1731883.556
24N02825	1	Plate1	225C2WLT4	ILLUMINA	3	24N02825	24N02825-Plate1	raw_data/BANS_Plate1_Novoseq/01.RawData/B_24N02825/B_24N02825_CKDL240009632-1A_225C2WLT4_L3_1.fq.gz	raw_data/BANS_Plate1_Novoseq/01.RawData/B_24N02825/B_24N02825_CKDL240009632-1A_225C2WLT4_L3_2.fq.gz	1712778.465	1680682.397
24N02826	1	Plate2	225CWMLT4	ILLUMINA	1	24N02826	24N02826-Plate2	raw_data/BANS_Plate2_Novoseq/01.RawData/B_24N02826/B_24N02826_CKDL240009631-1A_225CWMLT4_L1_1.fq.gz	raw_data/BANS_Plate2_Novoseq/01.RawData/B_24N02826/B_24N02826_CKDL240009631-1A_225CWMLT4_L1_2.fq.gz	2774939.324	2723597.369
24N21269	1	Plate3	22W5NLLT4	ILLUMINA	7	24N21269	24N21269-Plate3	raw_data/01.RawData_2025/B_24N21269/B_24N21269_CKDL250026537-1A_22W5NLLT4_L7_1.fq.gz	raw_data/01.RawData_2025/B_24N21269/B_24N21269_CKDL250026537-1A_22W5NLLT4_L7_2.fq.gz	4827220.243	4846608.867
25N03037	1	Plate3	22W5NLLT4	ILLUMINA	7	25N03037	25N03037-Plate3	raw_data/01.RawData_2025/B_25N03037/B_25N03037_CKDL250026537-1A_22W5NLLT4_L7_1.fq.gz	raw_data/01.RawData_2025/B_25N03037/B_25N03037_CKDL250026537-1A_22W5NLLT4_L7_2.fq.gz	4509555.92	4512337.679
25N03038	1	Plate3	22W5NLLT4	ILLUMINA	7	25N03038	25N03038-Plate3	raw_data/01.RawData_2025/B_25N03038/B_25N03038_CKDL250026537-1A_22W5NLLT4_L7_1.fq.gz	raw_data/01.RawData_2025/B_25N03038/B_25N03038_CKDL250026537-1A_22W5NLLT4_L7_2.fq.gz	3634516.999	3638491.664
25N03039	1	Plate3	22W5NLLT4	ILLUMINA	7	25N03039	25N03039-Plate3	raw_data/01.RawData_2025/B_25N03039/B_25N03039_CKDL250026537-1A_22W5NLLT4_L7_1.fq.gz	raw_data/01.RawData_2025/B_25N03039/B_25N03039_CKDL250026537-1A_22W5NLLT4_L7_2.fq.gz	3686142.823	3695381.404
25N03040	1	Plate3	22W5NLLT4	ILLUMINA	7	25N03040	25N03040-Plate3	raw_data/01.RawData_2025/B_25N03040/B_25N03040_CKDL250026537-1A_22W5NLLT4_L7_1.fq.gz	raw_data/01.RawData_2025/B_25N03040/B_25N03040_CKDL250026537-1A_22W5NLLT4_L7_2.fq.gz	3598847.917	3611976.259
25N03041	1	Plate3	22W5NLLT4	ILLUMINA	7	25N03041	25N03041-Plate3	raw_data/01.RawData_2025/B_25N03041/B_25N03041_CKDL250026537-1A_22W5NLLT4_L7_1.fq.gz	raw_data/01.RawData_2025/B_25N03041/B_25N03041_CKDL250026537-1A_22W5NLLT4_L7_2.fq.gz	4404588.067	4451464.439
25N03042	1	Plate3	22W5NLLT4	ILLUMINA	7	25N03042	25N03042-Plate3	raw_data/01.RawData_2025/B_25N03042/B_25N03042_CKDL250026537-1A_22W5NLLT4_L7_1.fq.gz	raw_data/01.RawData_2025/B_25N03042/B_25N03042_CKDL250026537-1A_22W5NLLT4_L7_2.fq.gz	4147551.797	4161096.128
25N03043	1	Plate3	22W5NLLT4	ILLUMINA	7	25N03043	25N03043-Plate3	raw_data/01.RawData_2025/B_25N03043/B_25N03043_CKDL250026537-1A_22W5NLLT4_L7_1.fq.gz	raw_data/01.RawData_2025/B_25N03043/B_25N03043_CKDL250026537-1A_22W5NLLT4_L7_2.fq.gz	4669584.038	4675166.452
25N03044	1	Plate3	22W5NLLT4	ILLUMINA	7	25N03044	25N03044-Plate3	raw_data/01.RawData_2025/B_25N03044/B_25N03044_CKDL250026537-1A_22W5NLLT4_L7_1.fq.gz	raw_data/01.RawData_2025/B_25N03044/B_25N03044_CKDL250026537-1A_22W5NLLT4_L7_2.fq.gz	3667438.779	3631115.296
25N03045	1	Plate3	22W5NLLT4	ILLUMINA	7	25N03045	25N03045-Plate3	raw_data/01.RawData_2025/B_25N03045/B_25N03045_CKDL250026537-1A_22W5NLLT4_L7_1.fq.gz	raw_data/01.RawData_2025/B_25N03045/B_25N03045_CKDL250026537-1A_22W5NLLT4_L7_2.fq.gz	3865803.227	3877071.761
25N03046	1	Plate3	22W5NLLT4	ILLUMINA	7	25N03046	25N03046-Plate3	raw_data/01.RawData_2025/B_25N03046/B_25N03046_CKDL250026537-1A_22W5NLLT4_L7_1.fq.gz	raw_data/01.RawData_2025/B_25N03046/B_25N03046_CKDL250026537-1A_22W5NLLT4_L7_2.fq.gz	4107580.681	4115416.096
25N03047	1	Plate3	22W5NLLT4	ILLUMINA	7	25N03047	25N03047-Plate3	raw_data/01.RawData_2025/B_25N03047/B_25N03047_CKDL250026537-1A_22W5NLLT4_L7_1.fq.gz	raw_data/01.RawData_2025/B_25N03047/B_25N03047_CKDL250026537-1A_22W5NLLT4_L7_2.fq.gz	4074020.016	4107679.121
25N03048	1	Plate3	22W5NLLT4	ILLUMINA	7	25N03048	25N03048-Plate3	raw_data/01.RawData_2025/B_25N03048/B_25N03048_CKDL250026537-1A_22W5NLLT4_L7_1.fq.gz	raw_data/01.RawData_2025/B_25N03048/B_25N03048_CKDL250026537-1A_22W5NLLT4_L7_2.fq.gz	4202293.461	4248179.089
25N03067	1	Plate3	22W5NLLT4	ILLUMINA	7	25N03067	25N03067-Plate3	raw_data/01.RawData_2025/B_25N03067/B_25N03067_CKDL250026537-1A_22W5NLLT4_L7_1.fq.gz	raw_data/01.RawData_2025/B_25N03067/B_25N03067_CKDL250026537-1A_22W5NLLT4_L7_2.fq.gz	3015540.228	3037444.619
25N03068	1	Plate3	22W5NLLT4	ILLUMINA	7	25N03068	25N03068-Plate3	raw_data/01.RawData_2025/B_25N03068/B_25N03068_CKDL250026537-1A_22W5NLLT4_L7_1.fq.gz	raw_data/01.RawData_2025/B_25N03068/B_25N03068_CKDL250026537-1A_22W5NLLT4_L7_2.fq.gz	4153540.362	4153615.72
25N03069	1	Plate3	22W5NLLT4	ILLUMINA	7	25N03069	25N03069-Plate3	raw_data/01.RawData_2025/B_25N03069/B_25N03069_CKDL250026537-1A_22W5NLLT4_L7_1.fq.gz	raw_data/01.RawData_2025/B_25N03069/B_25N03069_CKDL250026537-1A_22W5NLLT4_L7_2.fq.gz	3296502.597	3319413.969
25N03070	1	Plate3	22W5NLLT4	ILLUMINA	7	25N03070	25N03070-Plate3	raw_data/01.RawData_2025/B_25N03070/B_25N03070_CKDL250026537-1A_22W5NLLT4_L7_1.fq.gz	raw_data/01.RawData_2025/B_25N03070/B_25N03070_CKDL250026537-1A_22W5NLLT4_L7_2.fq.gz	3747592.05	3749871.672
25N03071	1	Plate3	22W5NLLT4	ILLUMINA	7	25N03071	25N03071-Plate3	raw_data/01.RawData_2025/B_25N03071/B_25N03071_CKDL250026537-1A_22W5NLLT4_L7_1.fq.gz	raw_data/01.RawData_2025/B_25N03071/B_25N03071_CKDL250026537-1A_22W5NLLT4_L7_2.fq.gz	4383313.396	4404622.037
25N03072	1	Plate3	22W5NLLT4	ILLUMINA	7	25N03072	25N03072-Plate3	raw_data/01.RawData_2025/B_25N03072/B_25N03072_CKDL250026537-1A_22W5NLLT4_L7_1.fq.gz	raw_data/01.RawData_2025/B_25N03072/B_25N03072_CKDL250026537-1A_22W5NLLT4_L7_2.fq.gz	4072332.21	4095362.103
25N03073	1	Plate3	22W5NLLT4	ILLUMINA	7	25N03073	25N03073-Plate3	raw_data/01.RawData_2025/B_25N03073/B_25N03073_CKDL250026537-1A_22W5NLLT4_L7_1.fq.gz	raw_data/01.RawData_2025/B_25N03073/B_25N03073_CKDL250026537-1A_22W5NLLT4_L7_2.fq.gz	4733576.498	4760733.51
25N03074	1	Plate3	22W5NLLT4	ILLUMINA	7	25N03074	25N03074-Plate3	raw_data/01.RawData_2025/B_25N03074/B_25N03074_CKDL250026537-1A_22W5NLLT4_L7_1.fq.gz	raw_data/01.RawData_2025/B_25N03074/B_25N03074_CKDL250026537-1A_22W5NLLT4_L7_2.fq.gz	4008148.212	3993236.319
25N03075	1	Plate3	22W5NLLT4	ILLUMINA	7	25N03075	25N03075-Plate3	raw_data/01.RawData_2025/B_25N03075/B_25N03075_CKDL250026537-1A_22W5NLLT4_L7_1.fq.gz	raw_data/01.RawData_2025/B_25N03075/B_25N03075_CKDL250026537-1A_22W5NLLT4_L7_2.fq.gz	3678981.158	3702770.741
25N03076	1	Plate3	22W5NLLT4	ILLUMINA	7	25N03076	25N03076-Plate3	raw_data/01.RawData_2025/B_25N03076/B_25N03076_CKDL250026537-1A_22W5NLLT4_L7_1.fq.gz	raw_data/01.RawData_2025/B_25N03076/B_25N03076_CKDL250026537-1A_22W5NLLT4_L7_2.fq.gz	4038951.317	4041577.078
25N03077	1	Plate3	22W5NLLT4	ILLUMINA	7	25N03077	25N03077-Plate3	raw_data/01.RawData_2025/B_25N03077/B_25N03077_CKDL250026537-1A_22W5NLLT4_L7_1.fq.gz	raw_data/01.RawData_2025/B_25N03077/B_25N03077_CKDL250026537-1A_22W5NLLT4_L7_2.fq.gz	4052570.05	4077726.436
25N03078	1	Plate3	22W5NLLT4	ILLUMINA	7	25N03078	25N03078-Plate3	raw_data/01.RawData_2025/B_25N03078/B_25N03078_CKDL250026537-1A_22W5NLLT4_L7_1.fq.gz	raw_data/01.RawData_2025/B_25N03078/B_25N03078_CKDL250026537-1A_22W5NLLT4_L7_2.fq.gz	4180072.136	4209135.463
25N03097	1	Plate3	22W5NLLT4	ILLUMINA	7	25N03097	25N03097-Plate3	raw_data/01.RawData_2025/B_25N03097/B_25N03097_CKDL250026537-1A_22W5NLLT4_L7_1.fq.gz	raw_data/01.RawData_2025/B_25N03097/B_25N03097_CKDL250026537-1A_22W5NLLT4_L7_2.fq.gz	3581279.327	3607592.774
25N03098	1	Plate3	22W5NLLT4	ILLUMINA	7	25N03098	25N03098-Plate3	raw_data/01.RawData_2025/B_25N03098/B_25N03098_CKDL250026537-1A_22W5NLLT4_L7_1.fq.gz	raw_data/01.RawData_2025/B_25N03098/B_25N03098_CKDL250026537-1A_22W5NLLT4_L7_2.fq.gz	3790056.855	3845470.85
25N03099	1	Plate3	22W5NLLT4	ILLUMINA	7	25N03099	25N03099-Plate3	raw_data/01.RawData_2025/B_25N03099/B_25N03099_CKDL250026537-1A_22W5NLLT4_L7_1.fq.gz	raw_data/01.RawData_2025/B_25N03099/B_25N03099_CKDL250026537-1A_22W5NLLT4_L7_2.fq.gz	3287268.822	3332017.49
25N03100	1	Plate3	22W5NLLT4	ILLUMINA	7	25N03100	25N03100-Plate3	raw_data/01.RawData_2025/B_25N03100/B_25N03100_CKDL250026537-1A_22W5NLLT4_L7_1.fq.gz	raw_data/01.RawData_2025/B_25N03100/B_25N03100_CKDL250026537-1A_22W5NLLT4_L7_2.fq.gz	3862863.563	3912135.563
25N03101	1	Plate3	22W5NLLT4	ILLUMINA	7	25N03101	25N03101-Plate3	raw_data/01.RawData_2025/B_25N03101/B_25N03101_CKDL250026537-1A_22W5NLLT4_L7_1.fq.gz	raw_data/01.RawData_2025/B_25N03101/B_25N03101_CKDL250026537-1A_22W5NLLT4_L7_2.fq.gz	4078939.193	4134125.461
25N03102	1	Plate3	22W5NLLT4	ILLUMINA	7	25N03102	25N03102-Plate3	raw_data/01.RawData_2025/B_25N03102/B_25N03102_CKDL250026537-1A_22W5NLLT4_L7_1.fq.gz	raw_data/01.RawData_2025/B_25N03102/B_25N03102_CKDL250026537-1A_22W5NLLT4_L7_2.fq.gz	3976717.591	4030455.13
25N03103	1	Plate3	22W5NLLT4	ILLUMINA	7	25N03103	25N03103-Plate3	raw_data/01.RawData_2025/B_25N03103/B_25N03103_CKDL250026537-1A_22W5NLLT4_L7_1.fq.gz	raw_data/01.RawData_2025/B_25N03103/B_25N03103_CKDL250026537-1A_22W5NLLT4_L7_2.fq.gz	4016159.144	4056768.13
25N03104	1	Plate3	22W5NLLT4	ILLUMINA	7	25N03104	25N03104-Plate3	raw_data/01.RawData_2025/B_25N03104/B_25N03104_CKDL250026537-1A_22W5NLLT4_L7_1.fq.gz	raw_data/01.RawData_2025/B_25N03104/B_25N03104_CKDL250026537-1A_22W5NLLT4_L7_2.fq.gz	3344464	3382159.593
25N03105	1	Plate3	22W5NLLT4	ILLUMINA	7	25N03105	25N03105-Plate3	raw_data/01.RawData_2025/B_25N03105/B_25N03105_CKDL250026537-1A_22W5NLLT4_L7_1.fq.gz	raw_data/01.RawData_2025/B_25N03105/B_25N03105_CKDL250026537-1A_22W5NLLT4_L7_2.fq.gz	3106049.747	3127691.357
25N03106	1	Plate3	22W5NLLT4	ILLUMINA	7	25N03106	25N03106-Plate3	raw_data/01.RawData_2025/B_25N03106/B_25N03106_CKDL250026537-1A_22W5NLLT4_L7_1.fq.gz	raw_data/01.RawData_2025/B_25N03106/B_25N03106_CKDL250026537-1A_22W5NLLT4_L7_2.fq.gz	3562990.904	3611599.099
25N03107	1	Plate3	22W5NLLT4	ILLUMINA	7	25N03107	25N03107-Plate3	raw_data/01.RawData_2025/B_25N03107/B_25N03107_CKDL250026537-1A_22W5NLLT4_L7_1.fq.gz	raw_data/01.RawData_2025/B_25N03107/B_25N03107_CKDL250026537-1A_22W5NLLT4_L7_2.fq.gz	3345955.203	3371164.308
25N03108	1	Plate3	22W5NLLT4	ILLUMINA	7	25N03108	25N03108-Plate3	raw_data/01.RawData_2025/B_25N03108/B_25N03108_CKDL250026537-1A_22W5NLLT4_L7_1.fq.gz	raw_data/01.RawData_2025/B_25N03108/B_25N03108_CKDL250026537-1A_22W5NLLT4_L7_2.fq.gz	4004807.955	4058653.456
25N13574	1	Plate3	22W5NLLT4	ILLUMINA	7	25N13574	25N13574-Plate3	raw_data/01.RawData_2025/B_25N13574/B_25N13574_CKDL250026537-1A_22W5NLLT4_L7_1.fq.gz	raw_data/01.RawData_2025/B_25N13574/B_25N13574_CKDL250026537-1A_22W5NLLT4_L7_2.fq.gz	4022983.342	4061498.219
25N13576	1	Plate3	22W5NLLT4	ILLUMINA	7	25N13576	25N13576-Plate3	raw_data/01.RawData_2025/B_25N13576/B_25N13576_CKDL250026537-1A_22W5NLLT4_L7_1.fq.gz	raw_data/01.RawData_2025/B_25N13576/B_25N13576_CKDL250026537-1A_22W5NLLT4_L7_2.fq.gz	4320612.99	4350639.956
25N13577	1	Plate3	22W5NLLT4	ILLUMINA	7	25N13577	25N13577-Plate3	raw_data/01.RawData_2025/B_25N13577/B_25N13577_CKDL250026537-1A_22W5NLLT4_L7_1.fq.gz	raw_data/01.RawData_2025/B_25N13577/B_25N13577_CKDL250026537-1A_22W5NLLT4_L7_2.fq.gz	4149601.234	4223044.88
25N13578	1	Plate3	22W5NLLT4	ILLUMINA	7	25N13578	25N13578-Plate3	raw_data/01.RawData_2025/B_25N13578/B_25N13578_CKDL250026537-1A_22W5NLLT4_L7_1.fq.gz	raw_data/01.RawData_2025/B_25N13578/B_25N13578_CKDL250026537-1A_22W5NLLT4_L7_2.fq.gz	3626721.514	3648785.082
25N13579	1	Plate3	22W5NLLT4	ILLUMINA	7	25N13579	25N13579-Plate3	raw_data/01.RawData_2025/B_25N13579/B_25N13579_CKDL250026537-1A_22W5NLLT4_L7_1.fq.gz	raw_data/01.RawData_2025/B_25N13579/B_25N13579_CKDL250026537-1A_22W5NLLT4_L7_2.fq.gz	3978552.149	4035084.618
25N13580	1	Plate3	22W5NLLT4	ILLUMINA	7	25N13580	25N13580-Plate3	raw_data/01.RawData_2025/B_25N13580/B_25N13580_CKDL250026537-1A_22W5NLLT4_L7_1.fq.gz	raw_data/01.RawData_2025/B_25N13580/B_25N13580_CKDL250026537-1A_22W5NLLT4_L7_2.fq.gz	3999602.906	4054270.512
25N13581	1	Plate3	22W5NLLT4	ILLUMINA	7	25N13581	25N13581-Plate3	raw_data/01.RawData_2025/B_25N13581/B_25N13581_CKDL250026537-1A_22W5NLLT4_L7_1.fq.gz	raw_data/01.RawData_2025/B_25N13581/B_25N13581_CKDL250026537-1A_22W5NLLT4_L7_2.fq.gz	4176104.953	4223928.369
25N13582	1	Plate3	22W5NLLT4	ILLUMINA	7	25N13582	25N13582-Plate3	raw_data/01.RawData_2025/B_25N13582/B_25N13582_CKDL250026537-1A_22W5NLLT4_L7_1.fq.gz	raw_data/01.RawData_2025/B_25N13582/B_25N13582_CKDL250026537-1A_22W5NLLT4_L7_2.fq.gz	3695055.142	3738117.844
25N13583	1	Plate3	22W5NLLT4	ILLUMINA	7	25N13583	25N13583-Plate3	raw_data/01.RawData_2025/B_25N13583/B_25N13583_CKDL250026537-1A_22W5NLLT4_L7_1.fq.gz	raw_data/01.RawData_2025/B_25N13583/B_25N13583_CKDL250026537-1A_22W5NLLT4_L7_2.fq.gz	3485149.77	3531799.375
25N13584	1	Plate3	22W5NLLT4	ILLUMINA	7	25N13584	25N13584-Plate3	raw_data/01.RawData_2025/B_25N13584/B_25N13584_CKDL250026537-1A_22W5NLLT4_L7_1.fq.gz	raw_data/01.RawData_2025/B_25N13584/B_25N13584_CKDL250026537-1A_22W5NLLT4_L7_2.fq.gz	3964564.632	3995273.391
25N13585	1	Plate3	22W5NLLT4	ILLUMINA	7	25N13585	25N13585-Plate3	raw_data/01.RawData_2025/B_25N13585/B_25N13585_CKDL250026537-1A_22W5NLLT4_L7_1.fq.gz	raw_data/01.RawData_2025/B_25N13585/B_25N13585_CKDL250026537-1A_22W5NLLT4_L7_2.fq.gz	3827679.368	3873336.464
25N13586	1	Plate3	22W5NLLT4	ILLUMINA	7	25N13586	25N13586-Plate3	raw_data/01.RawData_2025/B_25N13586/B_25N13586_CKDL250026537-1A_22W5NLLT4_L7_1.fq.gz	raw_data/01.RawData_2025/B_25N13586/B_25N13586_CKDL250026537-1A_22W5NLLT4_L7_2.fq.gz	4207009.292	4277994.951
25N13631	1	Plate3	22W5NLLT4	ILLUMINA	7	25N13631	25N13631-Plate3	raw_data/01.RawData_2025/B_25N13631/B_25N13631_CKDL250026537-1A_22W5NLLT4_L7_1.fq.gz	raw_data/01.RawData_2025/B_25N13631/B_25N13631_CKDL250026537-1A_22W5NLLT4_L7_2.fq.gz	4691288.911	4745184.907
25N13632	1	Plate3	22W5NLLT4	ILLUMINA	7	25N13632	25N13632-Plate3	raw_data/01.RawData_2025/B_25N13632/B_25N13632_CKDL250026537-1A_22W5NLLT4_L7_1.fq.gz	raw_data/01.RawData_2025/B_25N13632/B_25N13632_CKDL250026537-1A_22W5NLLT4_L7_2.fq.gz	3921978.103	3979929.197
25N13633	1	Plate3	22W5NLLT4	ILLUMINA	7	25N13633	25N13633-Plate3	raw_data/01.RawData_2025/B_25N13633/B_25N13633_CKDL250026537-1A_22W5NLLT4_L7_1.fq.gz	raw_data/01.RawData_2025/B_25N13633/B_25N13633_CKDL250026537-1A_22W5NLLT4_L7_2.fq.gz	3468650.594	3516857.375
25N13634	1	Plate3	22W5NLLT4	ILLUMINA	7	25N13634	25N13634-Plate3	raw_data/01.RawData_2025/B_25N13634/B_25N13634_CKDL250026537-1A_22W5NLLT4_L7_1.fq.gz	raw_data/01.RawData_2025/B_25N13634/B_25N13634_CKDL250026537-1A_22W5NLLT4_L7_2.fq.gz	4679234.958	5286238.954
25N13635	1	Plate3	22W5NLLT4	ILLUMINA	7	25N13635	25N13635-Plate3	raw_data/01.RawData_2025/B_25N13635/B_25N13635_CKDL250026537-1A_22W5NLLT4_L7_1.fq.gz	raw_data/01.RawData_2025/B_25N13635/B_25N13635_CKDL250026537-1A_22W5NLLT4_L7_2.fq.gz	4575147.016	4678088.121
25N17421	1	Plate3	22W5NLLT4	ILLUMINA	7	25N17421	25N17421-Plate3	raw_data/01.RawData_2025/B_25N17421/B_25N17421_CKDL250026537-1A_22W5NLLT4_L7_1.fq.gz	raw_data/01.RawData_2025/B_25N17421/B_25N17421_CKDL250026537-1A_22W5NLLT4_L7_2.fq.gz	3565077.22	3632173.871
25N17422	1	Plate3	22W5NLLT4	ILLUMINA	7	25N17422	25N17422-Plate3	raw_data/01.RawData_2025/B_25N17422/B_25N17422_CKDL250026537-1A_22W5NLLT4_L7_1.fq.gz	raw_data/01.RawData_2025/B_25N17422/B_25N17422_CKDL250026537-1A_22W5NLLT4_L7_2.fq.gz	3696643.815	3714380.306
25N17423	1	Plate3	22W5NLLT4	ILLUMINA	7	25N17423	25N17423-Plate3	raw_data/01.RawData_2025/B_25N17423/B_25N17423_CKDL250026537-1A_22W5NLLT4_L7_1.fq.gz	raw_data/01.RawData_2025/B_25N17423/B_25N17423_CKDL250026537-1A_22W5NLLT4_L7_2.fq.gz	3555570.037	3606301.998
25N17424	1	Plate3	22W5NLLT4	ILLUMINA	7	25N17424	25N17424-Plate3	raw_data/01.RawData_2025/B_25N17424/B_25N17424_CKDL250026537-1A_22W5NLLT4_L7_1.fq.gz	raw_data/01.RawData_2025/B_25N17424/B_25N17424_CKDL250026537-1A_22W5NLLT4_L7_2.fq.gz	3439637.191	3484864.32
25N17425	1	Plate3	22W5NLLT4	ILLUMINA	7	25N17425	25N17425-Plate3	raw_data/01.RawData_2025/B_25N17425/B_25N17425_CKDL250026537-1A_22W5NLLT4_L7_1.fq.gz	raw_data/01.RawData_2025/B_25N17425/B_25N17425_CKDL250026537-1A_22W5NLLT4_L7_2.fq.gz	3925011.509	4001242.694
25N17426	1	Plate3	22W5NLLT4	ILLUMINA	7	25N17426	25N17426-Plate3	raw_data/01.RawData_2025/B_25N17426/B_25N17426_CKDL250026537-1A_22W5NLLT4_L7_1.fq.gz	raw_data/01.RawData_2025/B_25N17426/B_25N17426_CKDL250026537-1A_22W5NLLT4_L7_2.fq.gz	3905512.976	3955980.936
25N17427	1	Plate3	22W5NLLT4	ILLUMINA	7	25N17427	25N17427-Plate3	raw_data/01.RawData_2025/B_25N17427/B_25N17427_CKDL250026537-1A_22W5NLLT4_L7_1.fq.gz	raw_data/01.RawData_2025/B_25N17427/B_25N17427_CKDL250026537-1A_22W5NLLT4_L7_2.fq.gz	4199879.054	4263821.965
25N17428	1	Plate3	22W5NLLT4	ILLUMINA	7	25N17428	25N17428-Plate3	raw_data/01.RawData_2025/B_25N17428/B_25N17428_CKDL250026537-1A_22W5NLLT4_L7_1.fq.gz	raw_data/01.RawData_2025/B_25N17428/B_25N17428_CKDL250026537-1A_22W5NLLT4_L7_2.fq.gz	4516889.653	4481487.758
25N17429	1	Plate3	22W5NLLT4	ILLUMINA	7	25N17429	25N17429-Plate3	raw_data/01.RawData_2025/B_25N17429/B_25N17429_CKDL250026537-1A_22W5NLLT4_L7_1.fq.gz	raw_data/01.RawData_2025/B_25N17429/B_25N17429_CKDL250026537-1A_22W5NLLT4_L7_2.fq.gz	4383862.489	4374086.282
25N17430	1	Plate3	22W5NLLT4	ILLUMINA	7	25N17430	25N17430-Plate3	raw_data/01.RawData_2025/B_25N17430/B_25N17430_CKDL250026537-1A_22W5NLLT4_L7_1.fq.gz	raw_data/01.RawData_2025/B_25N17430/B_25N17430_CKDL250026537-1A_22W5NLLT4_L7_2.fq.gz	4385792.375	4441788.543
25N17431	1	Plate3	22W5NLLT4	ILLUMINA	7	25N17431	25N17431-Plate3	raw_data/01.RawData_2025/B_25N17431/B_25N17431_CKDL250026537-1A_22W5NLLT4_L7_1.fq.gz	raw_data/01.RawData_2025/B_25N17431/B_25N17431_CKDL250026537-1A_22W5NLLT4_L7_2.fq.gz	4335202.771	4341805.781
25N17432	1	Plate3	22W5NLLT4	ILLUMINA	7	25N17432	25N17432-Plate3	raw_data/01.RawData_2025/B_25N17432/B_25N17432_CKDL250026537-1A_22W5NLLT4_L7_1.fq.gz	raw_data/01.RawData_2025/B_25N17432/B_25N17432_CKDL250026537-1A_22W5NLLT4_L7_2.fq.gz	4208933.318	4244653.651
25N19612	1	Plate3	22W5NLLT4	ILLUMINA	7	25N19612	25N19612-Plate3	raw_data/01.RawData_2025/B_25N19612/B_25N19612_CKDL250026537-1A_22W5NLLT4_L7_1.fq.gz	raw_data/01.RawData_2025/B_25N19612/B_25N19612_CKDL250026537-1A_22W5NLLT4_L7_2.fq.gz	4436731.095	4447005.909
25N19613	1	Plate3	22W5NLLT4	ILLUMINA	7	25N19613	25N19613-Plate3	raw_data/01.RawData_2025/B_25N19613/B_25N19613_CKDL250026537-1A_22W5NLLT4_L7_1.fq.gz	raw_data/01.RawData_2025/B_25N19613/B_25N19613_CKDL250026537-1A_22W5NLLT4_L7_2.fq.gz	4607139.825	4628603.874
25N19614	1	Plate3	22W5NLLT4	ILLUMINA	7	25N19614	25N19614-Plate3	raw_data/01.RawData_2025/B_25N19614/B_25N19614_CKDL250026537-1A_22W5NLLT4_L7_1.fq.gz	raw_data/01.RawData_2025/B_25N19614/B_25N19614_CKDL250026537-1A_22W5NLLT4_L7_2.fq.gz	3897115.162	3878558.193
25N19615	1	Plate3	22W5NLLT4	ILLUMINA	7	25N19615	25N19615-Plate3	raw_data/01.RawData_2025/B_25N19615/B_25N19615_CKDL250026537-1A_22W5NLLT4_L7_1.fq.gz	raw_data/01.RawData_2025/B_25N19615/B_25N19615_CKDL250026537-1A_22W5NLLT4_L7_2.fq.gz	3912413.957	3953182.64
25N19616	1	Plate3	22W5NLLT4	ILLUMINA	7	25N19616	25N19616-Plate3	raw_data/01.RawData_2025/B_25N19616/B_25N19616_CKDL250026537-1A_22W5NLLT4_L7_1.fq.gz	raw_data/01.RawData_2025/B_25N19616/B_25N19616_CKDL250026537-1A_22W5NLLT4_L7_2.fq.gz	3781194.698	3810258.555
25N19617	1	Plate3	22W5NLLT4	ILLUMINA	7	25N19617	25N19617-Plate3	raw_data/01.RawData_2025/B_25N19617/B_25N19617_CKDL250026537-1A_22W5NLLT4_L7_1.fq.gz	raw_data/01.RawData_2025/B_25N19617/B_25N19617_CKDL250026537-1A_22W5NLLT4_L7_2.fq.gz	5358829.508	5370783.878
